Date,Share Code,Year High (GHS),Year Low (GHS),Previous Closing Price VWAP (GHS),Opening Price (GHS),Closing Price VWAP (GHS),Price Change (GHS),Closing Bid Price (GHS),Last Transaction Price (GHS),Total Shares Traded,Closing Offer Price (GHS),,,,,,,,,,,
2017-01-03,AYRTN,0.12,0.12,0.12,0.12,0.12,0,0.1,0.12,300,0.12,,,,,,,,,,,
2017-01-04,AYRTN,0.12,0.12,0.12,0.12,0.12,0,0.1,0.12,0,0.12,,,,,,,,,,,
2017-01-05,AYRTN,0.12,0.1,0.12,0.12,0.1,-0.02,0.1,0.1,10400,0.12,,,,,,,,,,,
2017-01-06,AYRTN,0.12,0.1,0.1,0.1,0.1,0,0.1,0.1,0,,,,,,,,,,,,
2017-01-09,AYRTN,0.12,0.1,0.1,0.1,0.1,0,0.1,0.1,200,,,,,,,,,,,,
2017-01-10,AYRTN,0.12,0.1,0.1,0.1,0.1,0,0.1,0.1,600,,,,,,,,,,,,
2017-01-11,AYRTN,0.12,0.1,0.1,0.1,0.1,0,0.1,0.1,0,,,,,,,,,,,,
2017-01-12,AYRTN,0.12,0.1,0.1,0.1,0.1,0,0.1,0.1,0,,,,,,,,,,,,
2017-01-13,AYRTN,0.12,0.1,0.1,0.1,0.1,0,0.1,0.1,0,,,,,,,,,,,,
2017-01-16,AYRTN,0.12,0.1,0.1,0.1,0.1,0,0.1,0.1,1200,,,,,,,,,,,,
2017-01-17,AYRTN,0.12,0.1,0.1,0.1,0.1,0,,0.1,0,,,,,,,,,,,,
2017-01-18,AYRTN,0.12,0.1,0.1,0.1,0.1,0,0.1,0.1,0,,,,,,,,,,,,
2017-01-19,AYRTN,0.12,0.1,0.1,0.1,0.1,0,0.1,0.1,0,,,,,,,,,,,,
2017-01-20,AYRTN,0.12,0.1,0.1,0.1,0.1,0,0.1,0.1,0,,,,,,,,,,,,
2017-01-23,AYRTN,0.12,0.1,0.1,0.1,0.1,0,0.1,0.1,57300,,,,,,,,,,,,
2017-01-24,AYRTN,0.12,0.1,0.1,0.1,0.1,0,0.1,0.1,0,,,,,,,,,,,,
2017-01-25,AYRTN,0.12,0.1,0.1,0.1,0.1,0,0.1,0.1,0,,,,,,,,,,,,
2017-01-26,AYRTN,0.12,0.1,0.1,0.1,0.1,0,0.11,0.1,0,,,,,,,,,,,,
2017-01-27,AYRTN,0.12,0.1,0.1,0.1,0.1,0,0.1,0.1,0,,,,,,,,,,,,
2017-01-30,AYRTN,0.12,0.1,0.1,0.1,0.1,0,,0.1,0,,,,,,,,,,,,
2017-01-31,AYRTN,0.12,0.1,0.1,0.1,0.1,0,0.1,0.1,0,,,,,,,,,,,,
2017-02-01,AYRTN,0.12,0.1,0.1,0.1,0.1,0,0.1,0.1,0,,,,,,,,,,,,
2017-02-02,AYRTN,0.12,0.1,0.1,0.1,0.1,0,0.1,0.1,500,,,,,,,,,,,,
2017-02-03,AYRTN,0.12,0.1,0.1,0.1,0.1,0,0.1,0.1,0,,,,,,,,,,,,
2017-02-06,AYRTN,0.12,0.1,0.1,0.1,0.1,0,0.1,0.1,0,,,,,,,,,,,,
2017-02-07,AYRTN,0.12,0.1,0.1,0.1,0.1,0,0.11,0.1,0,,,,,,,,,,,,
2017-02-08,AYRTN,0.12,0.1,0.1,0.1,0.1,0,0.1,0.1,0,,,,,,,,,,,,
2017-02-09,AYRTN,0.12,0.1,0.1,0.1,0.1,0,0.1,0.1,0,,,,,,,,,,,,
2017-02-10,AYRTN,0.12,0.1,0.1,0.1,0.1,0,0.1,0.1,0,,,,,,,,,,,,
2017-02-13,AYRTN,0.12,0.1,0.1,0.1,0.1,0,0.1,0.1,0,,,,,,,,,,,,
2017-02-14,AYRTN,0.12,0.1,0.1,0.1,0.1,0,0.1,0.1,0,,,,,,,,,,,,
2017-02-15,AYRTN,0.12,0.1,0.1,0.1,0.1,0,0.1,0.1,0,,,,,,,,,,,,
2017-02-16,AYRTN,0.12,0.1,0.1,0.1,0.1,0,0.1,0.1,0,,,,,,,,,,,,
2017-02-17,AYRTN,0.12,0.1,0.1,0.1,0.1,0,0.1,0.1,0,,,,,,,,,,,,
2017-02-20,AYRTN,0.12,0.1,0.1,0.1,0.1,0,0.11,0.1,0,,,,,,,,,,,,
2017-02-21,AYRTN,0.12,0.1,0.1,0.1,0.1,0,0.1,0.1,0,,,,,,,,,,,,
2017-02-22,AYRTN,0.12,0.1,0.1,0.1,0.1,0,0.1,0.1,0,,,,,,,,,,,,
2017-02-23,AYRTN,0.12,0.1,0.1,0.1,0.1,0,,0.1,0,,,,,,,,,,,,
2017-02-24,AYRTN,0.12,0.1,0.1,0.1,0.1,0,0.12,0.1,0,,,,,,,,,,,,
2017-02-27,AYRTN,0.12,0.1,0.1,0.1,0.1,0,0.1,0.1,0,,,,,,,,,,,,
2017-02-28,AYRTN,0.12,0.1,0.1,0.1,0.1,0,0.1,0.1,0,,,,,,,,,,,,
2017-03-01,AYRTN,0.12,0.1,0.1,0.1,0.1,0,0.1,0.1,0,,,,,,,,,,,,
2017-03-02,AYRTN,0.12,0.1,0.1,0.1,0.1,0,0.12,0.1,0,,,,,,,,,,,,
2017-03-03,AYRTN,0.12,0.1,0.1,0.1,0.1,0,,0.1,0,,,,,,,,,,,,
2017-03-07,AYRTN,0.12,0.1,0.1,0.1,0.1,0,0.1,0.1,0,,,,,,,,,,,,
2017-03-08,AYRTN,0.12,0.1,0.1,0.1,0.1,0,,0.1,0,,,,,,,,,,,,
2017-03-09,AYRTN,0.12,0.1,0.1,0.1,0.1,0,0.1,0.1,5900,,,,,,,,,,,,
2017-03-10,AYRTN,0.12,0.1,0.1,0.1,0.1,0,0.1,0.1,0,,,,,,,,,,,,
2017-03-13,AYRTN,0.12,0.1,0.1,0.1,0.1,0,0.1,0.1,0,,,,,,,,,,,,
2017-03-14,AYRTN,0.12,0.1,0.1,0.1,0.1,0,0.1,0.1,0,,,,,,,,,,,,
2017-03-15,AYRTN,0.12,0.1,0.1,0.1,0.1,0,0.1,0.1,0,,,,,,,,,,,,
2017-03-16,AYRTN,0.12,0.1,0.1,0.1,0.1,0,0.1,0.1,0,,,,,,,,,,,,
2017-03-17,AYRTN,0.12,0.1,0.1,0.1,0.1,0,0.1,0.1,0,,,,,,,,,,,,
2017-03-20,AYRTN,0.12,0.1,0.1,0.1,0.1,0,0.1,0.1,0,,,,,,,,,,,,
2017-03-21,AYRTN,0.12,0.1,0.1,0.1,0.1,0,0.1,0.1,0,,,,,,,,,,,,
2017-03-22,AYRTN,0.12,0.1,0.1,0.1,0.1,0,0.1,0.1,0,,,,,,,,,,,,
2017-03-23,AYRTN,0.12,0.1,0.1,0.1,0.1,0,,0.1,0,,,,,,,,,,,,
2017-03-24,AYRTN,0.12,0.1,0.1,0.1,0.1,0,0.1,0.1,0,,,,,,,,,,,,
2017-03-27,AYRTN,0.12,0.1,0.1,0.1,0.1,0,0.1,0.1,0,,,,,,,,,,,,
2017-03-28,AYRTN,0.12,0.1,0.1,0.1,0.1,0,,0.1,0,,,,,,,,,,,,
2017-03-29,AYRTN,0.12,0.1,0.1,0.1,0.1,0,,0.1,0,,,,,,,,,,,,
2017-03-30,AYRTN,0.12,0.1,0.1,0.1,0.1,0,0.1,0.1,0,,,,,,,,,,,,
2017-03-31,AYRTN,0.12,0.1,0.1,0.1,0.1,0,0.1,0.1,0,,,,,,,,,,,,
2017-04-03,AYRTN,0.12,0.1,0.1,0.1,0.1,0,0.12,0.1,0,,,,,,,,,,,,
2017-04-04,AYRTN,0.12,0.1,0.1,0.1,0.1,0,0.1,0.1,1200,,,,,,,,,,,,
2017-04-05,AYRTN,0.12,0.1,0.1,0.1,0.1,0,0.1,0.1,0,,,,,,,,,,,,
2017-04-06,AYRTN,0.12,0.1,0.1,0.1,0.1,0,0.1,0.1,5400,,,,,,,,,,,,
2017-04-07,AYRTN,0.12,0.1,0.1,0.1,0.1,0,0.1,0.1,0,,,,,,,,,,,,
2017-04-10,AYRTN,0.12,0.1,0.1,0.1,0.1,0,0.1,0.1,0,,,,,,,,,,,,
2017-04-11,AYRTN,0.12,0.1,0.1,0.1,0.1,0,0.1,0.1,0,,,,,,,,,,,,
2017-04-12,AYRTN,0.12,0.1,0.1,0.1,0.1,0,0.1,0.1,0,,,,,,,,,,,,
2017-04-13,AYRTN,0.12,0.1,0.1,0.1,0.1,0,0.1,0.1,0,,,,,,,,,,,,
2017-04-18,AYRTN,0.12,0.1,0.1,0.1,0.1,0,,0.1,0,,,,,,,,,,,,
2017-04-19,AYRTN,0.12,0.1,0.1,0.1,0.1,0,0.1,0.1,0,,,,,,,,,,,,
2017-04-20,AYRTN,0.12,0.1,0.1,0.1,0.1,0,0.1,0.1,0,,,,,,,,,,,,
2017-04-21,AYRTN,0.12,0.1,0.1,0.1,0.1,0,0.1,0.1,0,,,,,,,,,,,,
2017-04-24,AYRTN,0.12,0.1,0.1,0.1,0.1,0,0.1,0.1,0,,,,,,,,,,,,
2017-04-25,AYRTN,0.12,0.1,0.1,0.1,0.1,0,0.1,0.1,0,,,,,,,,,,,,
2017-04-26,AYRTN,0.12,0.1,0.1,0.1,0.1,0,0.1,0.1,0,,,,,,,,,,,,
2017-04-27,AYRTN,0.12,0.1,0.1,0.1,0.1,0,0.1,0.1,0,,,,,,,,,,,,
2017-04-28,AYRTN,0.12,0.1,0.1,0.1,0.1,0,0.1,0.1,0,,,,,,,,,,,,
2017-05-02,AYRTN,0.12,0.1,0.1,0.1,0.1,0,,0.1,0,,,,,,,,,,,,
2017-05-03,AYRTN,0.12,0.1,0.1,0.1,0.1,0,,0.1,0,,,,,,,,,,,,
2017-05-04,AYRTN,0.12,0.1,0.1,0.1,0.1,0,0.1,0.1,0,,,,,,,,,,,,
2017-05-05,AYRTN,0.12,0.1,0.1,0.1,0.1,0,0.1,0.1,0,,,,,,,,,,,,
2017-05-08,AYRTN,0.12,0.1,0.1,0.1,0.1,0,0.1,0.1,1200,,,,,,,,,,,,
2017-05-09,AYRTN,0.12,0.1,0.1,0.1,0.1,0,0.1,0.1,0,,,,,,,,,,,,
2017-05-10,AYRTN,0.12,0.1,0.1,0.1,0.1,0,0.1,0.1,0,,,,,,,,,,,,
2017-05-11,AYRTN,0.12,0.1,0.1,0.1,0.1,0,0.1,0.1,0,,,,,,,,,,,,
2017-05-12,AYRTN,0.12,0.1,0.1,0.1,0.1,0,0.1,0.1,0,,,,,,,,,,,,
2017-05-15,AYRTN,0.12,0.1,0.1,0.1,0.1,0,0.1,0.1,0,,,,,,,,,,,,
2017-05-16,AYRTN,0.12,0.1,0.1,0.1,0.1,0,0.1,0.1,0,,,,,,,,,,,,
2017-05-17,AYRTN,0.12,0.1,0.1,0.1,0.1,0,0.1,0.1,0,,,,,,,,,,,,
2017-05-18,AYRTN,0.12,0.1,0.1,0.1,0.1,0,0.1,0.1,0,,,,,,,,,,,,
2017-05-19,AYRTN,0.12,0.1,0.1,0.1,0.1,0,0.1,0.1,0,,,,,,,,,,,,
2017-05-22,AYRTN,0.12,0.1,0.1,0.1,0.1,0,0.11,0.1,0,,,,,,,,,,,,
2017-05-23,AYRTN,0.12,0.1,0.1,0.1,0.1,0,0.1,0.1,0,,,,,,,,,,,,
2017-05-24,AYRTN,0.12,0.1,0.1,0.1,0.1,0,0.1,0.1,0,,,,,,,,,,,,
2017-05-26,AYRTN,0.12,0.1,0.1,0.1,0.1,0,0.1,0.1,0,,,,,,,,,,,,
2017-05-29,AYRTN,0.12,0.1,0.1,0.1,0.1,0,,0.1,0,,,,,,,,,,,,
2017-05-30,AYRTN,0.12,0.1,0.1,0.1,0.1,0,,0.1,0,,,,,,,,,,,,
2017-05-31,AYRTN,0.12,0.1,0.1,0.1,0.1,0,,0.1,0,,,,,,,,,,,,
2017-06-01,AYRTN,0.12,0.1,0.1,0.1,0.1,0,,0.1,0,,,,,,,,,,,,
2017-06-02,AYRTN,0.12,0.1,0.1,0.1,0.1,0,,0.1,0,0.1,,,,,,,,,,,
2017-06-05,AYRTN,0.12,0.1,0.1,0.1,0.1,0,0.1,0.1,6400,,,,,,,,,,,,
2017-06-06,AYRTN,0.12,0.1,0.1,0.1,0.1,0,,0.1,0,,,,,,,,,,,,
2017-06-07,AYRTN,0.12,0.1,0.1,0.1,0.1,0,,0.1,0,,,,,,,,,,,,
2017-06-08,AYRTN,0.12,0.1,0.1,0.1,0.1,0,,0.1,0,,,,,,,,,,,,
2017-06-09,AYRTN,0.12,0.1,0.1,0.1,0.1,0,0.1,0.1,0,,,,,,,,,,,,
2017-06-12,AYRTN,0.12,0.1,0.1,0.1,0.1,0,,0.1,0,0.1,,,,,,,,,,,
2017-06-13,AYRTN,0.12,0.1,0.1,0.1,0.1,0,0.1,0.1,0,,,,,,,,,,,,
2017-06-14,AYRTN,0.12,0.1,0.1,0.1,0.1,0,0.1,0.1,1000,,,,,,,,,,,,
2017-06-15,AYRTN,0.12,0.1,0.1,0.1,0.1,0,,0.1,0,,,,,,,,,,,,
2017-06-16,AYRTN,0.12,0.1,0.1,0.1,0.1,0,,0.1,0,,,,,,,,,,,,
2017-06-19,AYRTN,0.12,0.1,0.1,0.1,0.1,0,0.1,0.1,0,,,,,,,,,,,,
2017-06-20,AYRTN,0.12,0.1,0.1,0.1,0.1,0,,0.1,0,,,,,,,,,,,,
2017-06-21,AYRTN,0.12,0.1,0.1,0.1,0.1,0,,0.1,0,,,,,,,,,,,,
2017-06-22,AYRTN,0.12,0.1,0.1,0.1,0.1,0,,0.1,0,,,,,,,,,,,,
2017-06-23,AYRTN,0.12,0.1,0.1,0.1,0.1,0,,0.1,0,,,,,,,,,,,,
2017-06-27,AYRTN,0.12,0.1,0.1,0.1,0.1,0,,0.1,0,,,,,,,,,,,,
2017-06-28,AYRTN,0.12,0.1,0.1,0.1,0.1,0,0.1,0.1,0,,,,,,,,,,,,
2017-06-29,AYRTN,0.12,0.1,0.1,0.1,0.1,0,,0.1,0,,,,,,,,,,,,
2017-06-30,AYRTN,0.12,0.1,0.1,0.1,0.1,0,,0.1,0,,,,,,,,,,,,
2017-07-04,AYRTN,0.12,0.1,0.1,0.1,0.1,0,,0.1,0,,,,,,,,,,,,
2017-07-05,AYRTN,0.12,0.1,0.1,0.1,0.1,0,,0.1,0,,,,,,,,,,,,
2017-07-06,AYRTN,0.12,0.1,0.1,0.1,0.1,0,0.1,0.1,0,,,,,,,,,,,,
2017-07-07,AYRTN,0.12,0.1,0.1,0.1,0.1,0,,0.1,0,,,,,,,,,,,,
2017-07-10,AYRTN,0.12,0.1,0.1,0.1,0.1,0,,0.1,0,,,,,,,,,,,,
2017-07-11,AYRTN,0.12,0.1,0.1,0.1,0.1,0,,0.1,0,,,,,,,,,,,,
2017-07-12,AYRTN,0.12,0.1,0.1,0.1,0.1,0,,0.1,0,,,,,,,,,,,,
2017-07-13,AYRTN,0.12,0.1,0.1,0.1,0.1,0,,0.1,0,,,,,,,,,,,,
2017-07-14,AYRTN,0.12,0.1,0.1,0.1,0.1,0,,0.1,5800,,,,,,,,,,,,
2017-07-17,AYRTN,0.12,0.1,0.1,0.1,0.1,0,,0.1,0,,,,,,,,,,,,
2017-07-18,AYRTN,0.12,0.1,0.1,0.1,0.1,0,,0.1,0,,,,,,,,,,,,
2017-07-19,AYRTN,0.12,0.1,0.1,0.1,0.1,0,,0.1,0,,,,,,,,,,,,
2017-07-20,AYRTN,0.12,0.1,0.1,0.1,0.1,0,,0.1,0,,,,,,,,,,,,
2017-07-21,AYRTN,0.12,0.1,0.1,0.1,0.1,0,,0.1,0,0.1,,,,,,,,,,,
2017-07-24,AYRTN,0.12,0.1,0.1,0.1,0.1,0,,0.1,0,0.1,,,,,,,,,,,
2017-07-25,AYRTN,0.12,0.1,0.1,0.1,0.1,0,0.1,0.1,700,,,,,,,,,,,,
2017-07-26,AYRTN,0.12,0.1,0.1,0.1,0.1,0,,0.1,0,,,,,,,,,,,,
2017-07-27,AYRTN,0.12,0.1,0.1,0.1,0.1,0,,0.1,0,,,,,,,,,,,,
2017-07-28,AYRTN,0.12,0.1,0.1,0.1,0.1,0,,0.1,0,,,,,,,,,,,,
2017-07-31,AYRTN,0.12,0.1,0.1,0.1,0.1,0,,0.1,0,,,,,,,,,,,,
2017-08-01,AYRTN,0.12,0.1,0.1,0.1,0.1,0,,0.1,0,,,,,,,,,,,,
2017-08-02,AYRTN,0.12,0.1,0.1,0.1,0.1,0,,0.1,0,,,,,,,,,,,,
2017-08-03,AYRTN,0.12,0.1,0.1,0.1,0.1,0,,0.1,0,,,,,,,,,,,,
2017-08-04,AYRTN,0.12,0.1,0.1,0.1,0.1,0,0.1,0.1,0,,,,,,,,,,,,
2017-08-07,AYRTN,0.12,0.1,0.1,0.1,0.1,0,,0.1,0,,,,,,,,,,,,
2017-08-08,AYRTN,0.12,0.1,0.1,0.1,0.1,0,0.1,0.1,0,,,,,,,,,,,,
2017-08-09,AYRTN,0.12,0.1,0.1,0.1,0.1,0,,0.1,0,,,,,,,,,,,,
2017-08-10,AYRTN,0.12,0.1,0.1,0.1,0.1,0,,0.1,0,,,,,,,,,,,,
2017-08-11,AYRTN,0.12,0.1,0.1,0.1,0.1,0,,0.1,0,,,,,,,,,,,,
2017-08-14,AYRTN,0.12,0.1,0.1,0.1,0.1,0,,0.1,0,,,,,,,,,,,,
2017-08-15,AYRTN,0.12,0.1,0.1,0.1,0.1,0,0.1,0.1,0,,,,,,,,,,,,
2017-08-16,AYRTN,0.12,0.1,0.1,0.1,0.1,0,0.1,0.1,0,,,,,,,,,,,,
2017-08-17,AYRTN,0.12,0.1,0.1,0.1,0.1,0,,0.1,0,,,,,,,,,,,,
2017-08-18,AYRTN,0.12,0.1,0.1,0.1,0.1,0,,0.1,0,,,,,,,,,,,,
2017-08-21,AYRTN,0.12,0.1,0.1,0.1,0.1,0,,0.1,0,,,,,,,,,,,,
2017-08-22,AYRTN,0.12,0.1,0.1,0.1,0.1,0,,0.1,0,,,,,,,,,,,,
2017-08-23,AYRTN,0.12,0.1,0.1,0.1,0.1,0,,0.1,0,,,,,,,,,,,,
2017-08-24,AYRTN,0.12,0.1,0.1,0.1,0.1,0,,0.1,0,,,,,,,,,,,,
2017-08-25,AYRTN,0.12,0.1,0.1,0.1,0.1,0,,0.1,0,,,,,,,,,,,,
2017-08-28,AYRTN,0.12,0.1,0.1,0.1,0.1,0,,0.1,0,,,,,,,,,,,,
2017-08-29,AYRTN,0.12,0.1,0.1,0.1,0.1,0,,0.1,0,,,,,,,,,,,,
2017-08-30,AYRTN,0.12,0.1,0.1,0.1,0.1,0,,0.1,0,,,,,,,,,,,,
2017-08-31,AYRTN,0.12,0.1,0.1,0.1,0.1,0,,0.1,0,,,,,,,,,,,,
2017-09-04,AYRTN,0.12,0.1,0.1,0.1,0.1,0,,0.1,0,,,,,,,,,,,,
2017-09-05,AYRTN,0.12,0.1,0.1,0.1,0.1,0,,0.1,0,,,,,,,,,,,,
2017-09-06,AYRTN,0.12,0.1,0.1,0.1,0.1,0,,0.1,0,,,,,,,,,,,,
2017-09-07,AYRTN,0.12,0.1,0.1,0.1,0.1,0,,0.1,0,,,,,,,,,,,,
2017-09-08,AYRTN,0.12,0.1,0.1,0.1,0.1,0,,0.1,0,,,,,,,,,,,,
2017-09-11,AYRTN,0.12,0.1,0.1,0.1,0.1,0,,0.1,0,,,,,,,,,,,,
2017-09-12,AYRTN,0.12,0.1,0.1,0.1,0.1,0,,0.1,0,,,,,,,,,,,,
2017-09-13,AYRTN,0.12,0.1,0.1,0.1,0.1,0,,0.1,0,,,,,,,,,,,,
2017-09-14,AYRTN,0.12,0.1,0.1,0.1,0.1,0,,0.1,0,,,,,,,,,,,,
2017-09-15,AYRTN,0.12,0.1,0.1,0.1,0.1,0,,0.1,0,,,,,,,,,,,,
2017-09-18,AYRTN,0.12,0.1,0.1,0.1,0.1,0,,0.1,0,,,,,,,,,,,,
2017-09-19,AYRTN,0.12,0.1,0.1,0.1,0.1,0,,0.1,0,,,,,,,,,,,,
2017-09-20,AYRTN,0.12,0.1,0.1,0.1,0.1,0,,0.1,0,,,,,,,,,,,,
2017-09-22,AYRTN,0.12,0.1,0.1,0.1,0.1,0,,0.1,0,,,,,,,,,,,,
2017-09-25,AYRTN,0.12,0.1,0.1,0.1,0.1,0,0.1,0.1,0,,,,,,,,,,,,
2017-09-26,AYRTN,0.12,0.1,0.1,0.1,0.1,0,,0.1,0,,,,,,,,,,,,
2017-09-27,AYRTN,0.12,0.1,0.1,0.1,0.1,0,,0.1,0,,,,,,,,,,,,
2017-09-28,AYRTN,0.12,0.1,0.1,0.1,0.1,0,,0.1,0,,,,,,,,,,,,
2017-09-29,AYRTN,0.12,0.1,0.1,0.1,0.1,0,,0.1,0,0.1,,,,,,,,,,,
2017-10-02,AYRTN,0.12,0.1,0.1,0.1,0.1,0,0.1,0.1,900,,,,,,,,,,,,
2017-10-03,AYRTN,0.12,0.1,0.1,0.1,0.1,0,,0.1,0,,,,,,,,,,,,
2017-10-04,AYRTN,0.12,0.1,0.1,0.1,0.1,0,,0.1,0,,,,,,,,,,,,
2017-10-05,AYRTN,0.12,0.1,0.1,0.1,0.1,0,,0.1,0,,,,,,,,,,,,
2017-10-06,AYRTN,0.12,0.1,0.1,0.1,0.1,0,,0.1,0,,,,,,,,,,,,
2017-10-09,AYRTN,0.12,0.1,0.1,0.1,0.1,0,,0.1,0,,,,,,,,,,,,
2017-10-10,AYRTN,0.12,0.1,0.1,0.1,0.1,0,,0.1,0,,,,,,,,,,,,
2017-10-11,AYRTN,0.12,0.1,0.1,0.1,0.1,0,,0.1,1500,0.1,,,,,,,,,,,
2017-10-12,AYRTN,0.12,0.1,0.1,0.1,0.1,0,,0.1,0,,,,,,,,,,,,
2017-10-13,AYRTN,0.12,0.1,0.1,0.1,0.1,0,0.1,0.1,0,,,,,,,,,,,,
2017-10-16,AYRTN,0.12,0.1,0.1,0.1,0.1,0,0.1,0.1,0,,,,,,,,,,,,
2017-10-17,AYRTN,0.12,0.1,0.1,0.1,0.1,0,,0.1,0,,,,,,,,,,,,
2017-10-18,AYRTN,0.12,0.1,0.1,0.1,0.1,0,,0.1,0,,,,,,,,,,,,
2017-10-19,AYRTN,0.12,0.1,0.1,0.1,0.1,0,0.1,0.1,1000,,,,,,,,,,,,
2017-10-20,AYRTN,0.12,0.1,0.1,0.1,0.1,0,,0.1,0,,,,,,,,,,,,
2017-10-23,AYRTN,0.12,0.1,0.1,0.1,0.1,0,,0.1,0,,,,,,,,,,,,
2017-10-24,AYRTN,0.12,0.1,0.1,0.1,0.1,0,0.1,0.1,0,,,,,,,,,,,,
2017-10-25,AYRTN,0.12,0.1,0.1,0.1,0.1,0,,0.1,0,,,,,,,,,,,,
2017-10-26,AYRTN,0.12,0.1,0.1,0.1,0.1,0,,0.1,0,,,,,,,,,,,,
2017-10-27,AYRTN,0.12,0.1,0.1,0.1,0.1,0,,0.1,0,,,,,,,,,,,,
2017-10-30,AYRTN,0.12,0.1,0.1,0.1,0.1,0,,0.1,0,,,,,,,,,,,,
2017-10-31,AYRTN,0.12,0.1,0.1,0.1,0.1,0,,0.1,0,,,,,,,,,,,,
2017-11-01,AYRTN,0.12,0.1,0.1,0.1,0.1,0,,0.1,0,,,,,,,,,,,,
2017-11-02,AYRTN,0.12,0.1,0.1,0.1,0.1,0,,0.1,0,,,,,,,,,,,,
2017-11-03,AYRTN,0.12,0.1,0.1,0.1,0.1,0,,0.1,0,,,,,,,,,,,,
2017-11-06,AYRTN,0.12,0.1,0.1,0.1,0.1,0,,0.1,0,,,,,,,,,,,,
2017-11-07,AYRTN,0.12,0.1,0.1,0.1,0.1,0,,0.1,0,,,,,,,,,,,,
2017-11-08,AYRTN,0.12,0.1,0.1,0.1,0.1,0,,0.1,0,0.16,,,,,,,,,,,
2017-11-09,AYRTN,0.12,0.1,0.1,0.1,0.1,0,,0.1,0,,,,,,,,,,,,
2017-11-10,AYRTN,0.12,0.1,0.1,0.1,0.1,0,,0.1,0,,,,,,,,,,,,
2017-11-13,AYRTN,0.12,0.1,0.1,0.1,0.1,0,,0.1,0,,,,,,,,,,,,
2017-11-14,AYRTN,0.12,0.1,0.1,0.1,0.1,0,,0.1,0,,,,,,,,,,,,
2017-11-15,AYRTN,0.12,0.1,0.1,0.1,0.1,0,,0.1,0,,,,,,,,,,,,
2017-11-16,AYRTN,0.12,0.1,0.1,0.1,0.1,0,,0.1,0,,,,,,,,,,,,
2017-11-17,AYRTN,0.12,0.1,0.1,0.1,0.1,0,,0.1,0,,,,,,,,,,,,
2017-11-20,AYRTN,0.12,0.1,0.1,0.1,0.1,0,,0.1,0,,,,,,,,,,,,
2017-11-21,AYRTN,0.12,0.1,0.1,0.1,0.1,0,,0.1,0,,,,,,,,,,,,
2017-11-22,AYRTN,0.12,0.1,0.1,0.1,0.1,0,,0.1,0,,,,,,,,,,,,
2017-11-23,AYRTN,0.12,0.1,0.1,0.1,0.1,0,,0.1,0,,,,,,,,,,,,
2017-11-24,AYRTN,0.12,0.1,0.1,0.1,0.1,0,,0.1,0,,,,,,,,,,,,
2017-11-27,AYRTN,0.12,0.1,0.1,0.1,0.1,0,,0.1,0,,,,,,,,,,,,
2017-11-28,AYRTN,0.12,0.1,0.1,0.1,0.1,0,,0.1,0,,,,,,,,,,,,
2017-11-29,AYRTN,0.12,0.1,0.1,0.1,0.1,0,0.1,0.1,0,,,,,,,,,,,,
2017-11-30,AYRTN,0.12,0.1,0.1,0.1,0.1,0,0.1,0.1,0,,,,,,,,,,,,
2017-12-04,AYRTN,0.12,0.1,0.1,0.1,0.1,0,0.1,0.1,0,,,,,,,,,,,,
2017-12-05,AYRTN,0.12,0.1,0.1,0.1,0.1,0,0.1,0.1,0,,,,,,,,,,,,
2017-12-06,AYRTN,0.12,0.1,0.1,0.1,0.1,0,0.1,0.1,0,,,,,,,,,,,,
2017-12-07,AYRTN,0.12,0.1,0.1,0.1,0.1,0,0.1,0.1,0,,,,,,,,,,,,
2017-12-08,AYRTN,0.12,0.1,0.1,0.1,0.1,0,0.1,0.1,0,,,,,,,,,,,,
2017-12-11,AYRTN,0.12,0.1,0.1,0.1,0.1,0,0.1,0.1,0,,,,,,,,,,,,
2017-12-12,AYRTN,0.12,0.1,0.1,0.1,0.1,0,0.1,0.1,0,,,,,,,,,,,,
2017-12-13,AYRTN,0.12,0.1,0.1,0.1,0.1,0,0.1,0.1,0,,,,,,,,,,,,
2017-12-14,AYRTN,0.12,0.1,0.1,0.1,0.1,0,0.1,0.1,0,,,,,,,,,,,,
2017-12-15,AYRTN,0.12,0.1,0.1,0.1,0.1,0,0.1,0.1,0,,,,,,,,,,,,
2017-12-18,AYRTN,0.12,0.1,0.1,0.1,0.1,0,,0.1,0,,,,,,,,,,,,
2017-12-19,AYRTN,0.12,0.1,0.1,0.1,0.1,0,,0.1,0,,,,,,,,,,,,
2017-12-20,AYRTN,0.12,0.1,0.1,0.1,0.1,0,,0.1,0,,,,,,,,,,,,
2017-12-21,AYRTN,0.12,0.1,0.1,0.1,0.1,0,,0.1,0,,,,,,,,,,,,
2017-12-21,AYRTN,0.12,0.1,0.1,0.1,0.1,0,,0.1,0,,,,,,,,,,,,
2017-12-27,AYRTN,0.12,0.1,0.1,0.1,0.1,0,,0.1,0,,,,,,,,,,,,
2017-12-28,AYRTN,0.12,0.1,0.1,0.1,0.1,0,,0.1,0,,,,,,,,,,,,
2017-12-29,AYRTN,0.12,0.1,0.1,0.1,0.1,0,,0.1,0,,,,,,,,,,,,
2018-01-02,AYRTN,0.1,0.1,0.1,0.1,0.1,0,,0.1,0,,,,,,,,,,,,
2018-01-03,AYRTN,0.1,0.1,0.1,0.1,0.1,0,,0.1,0,,,,,,,,,,,,
2018-01-04,AYRTN,0.1,0.1,0.1,0.1,0.1,0,,0.1,0,,,,,,,,,,,,
2018-01-05,AYRTN,0.1,0.1,0.1,0.1,0.1,0,,0.1,1000,,,,,,,,,,,,
2018-01-08,AYRTN,0.1,0.1,0.1,0.1,0.1,0,,0.1,0,,,,,,,,,,,,
2018-01-09,AYRTN,0.1,0.1,0.1,0.1,0.1,0,,0.1,0,,,,,,,,,,,,
2018-01-10,AYRTN,0.1,0.1,0.1,0.1,0.1,0,,0.1,0,,,,,,,,,,,,
2018-01-11,AYRTN,0.1,0.1,0.1,0.1,0.1,0,,0.1,0,,,,,,,,,,,,
2018-01-12,AYRTN,0.1,0.1,0.1,0.1,0.1,0,,0.1,0,,,,,,,,,,,,
2018-01-15,AYRTN,0.1,0.1,0.1,0.1,0.1,0,,0.1,0,,,,,,,,,,,,
2018-01-16,AYRTN,0.1,0.1,0.1,0.1,0.1,0,,0.1,0,0.1,,,,,,,,,,,
2018-01-17,AYRTN,0.1,0.1,0.1,0.1,0.1,0,,0.1,0,0.1,,,,,,,,,,,
2018-01-18,AYRTN,0.1,0.1,0.1,0.1,0.1,0,0.1,0.1,4000,,,,,,,,,,,,
2018-01-19,AYRTN,0.1,0.1,0.1,0.1,0.1,0,,0.1,0,,,,,,,,,,,,
2018-01-22,AYRTN,0.1,0.1,0.1,0.1,0.1,0,,0.1,800,0.1,,,,,,,,,,,
2018-01-23,AYRTN,0.1,0.1,0.1,0.1,0.1,0,,0.1,0,,,,,,,,,,,,
2018-01-24,AYRTN,0.1,0.1,0.1,0.1,0.1,0,,0.1,0,,,,,,,,,,,,
2018-01-25,AYRTN,0.1,0.1,0.1,0.1,0.1,0,,0.1,0,,,,,,,,,,,,
2018-01-26,AYRTN,0.1,0.1,0.1,0.1,0.1,0,,0.1,0,,,,,,,,,,,,
2018-01-29,AYRTN,0.1,0.1,0.1,0.1,0.1,0,,0.1,8700,,,,,,,,,,,,
2018-01-30,AYRTN,0.1,0.1,0.1,0.1,0.1,0,0.1,0.1,0,,,,,,,,,,,,
2018-01-31,AYRTN,0.1,0.1,0.1,0.1,0.1,0,0.1,0.1,0,,,,,,,,,,,,
2018-02-01,AYRTN,0.1,0.1,0.1,0.1,0.1,0,0.1,0.1,0,,,,,,,,,,,,
2018-02-02,AYRTN,0.1,0.1,0.1,0.1,0.1,0,0.1,0.1,0,,,,,,,,,,,,
2018-02-05,AYRTN,0.1,0.1,0.1,0.1,0.1,0,,0.1,0,,,,,,,,,,,,
2018-02-06,AYRTN,0.1,0.1,0.1,0.1,0.1,0,0.1,0.1,0,,,,,,,,,,,,
2018-02-07,AYRTN,0.1,0.1,0.1,0.1,0.1,0,0.1,0.1,0,,,,,,,,,,,,
2018-02-08,AYRTN,0.1,0.1,0.1,0.1,0.1,0,,0.1,0,,,,,,,,,,,,
2018-02-09,AYRTN,0.1,0.1,0.1,0.1,0.1,0,,0.1,0,,,,,,,,,,,,
2018-02-12,AYRTN,0.1,0.1,0.1,0.1,0.1,0,,0.1,500,0.1,,,,,,,,,,,
2018-02-13,AYRTN,0.1,0.1,0.1,0.1,0.1,0,,0.1,0,,,,,,,,,,,,
2018-02-14,AYRTN,0.1,0.1,0.1,0.1,0.1,0,,0.1,0,,,,,,,,,,,,
2018-02-15,AYRTN,0.1,0.1,0.1,0.1,0.1,0,0.1,0.1,0,,,,,,,,,,,,
2018-02-16,AYRTN,0.1,0.1,0.1,0.1,0.1,0,0.1,0.1,0,,,,,,,,,,,,
2018-02-19,AYRTN,0.1,0.1,0.1,0.1,0.1,0,0.1,0.1,0,,,,,,,,,,,,
2018-02-20,AYRTN,0.1,0.1,0.1,0.1,0.1,0,0.1,0.1,0,,,,,,,,,,,,
2018-02-21,AYRTN,0.1,0.1,0.1,0.1,0.1,0,,0.1,0,,,,,,,,,,,,
2018-02-22,AYRTN,0.1,0.1,0.1,0.1,0.1,0,,0.1,0,,,,,,,,,,,,
2018-02-23,AYRTN,0.1,0.1,0.1,0.1,0.1,0,,0.1,0,,,,,,,,,,,,
2018-02-26,AYRTN,0.1,0.1,0.1,0.1,0.1,0,,0.1,1000,,,,,,,,,,,,
2018-02-27,AYRTN,0.1,0.1,0.1,0.1,0.1,0,0.1,0.1,0,,,,,,,,,,,,
2018-02-28,AYRTN,0.1,0.1,0.1,0.1,0.1,0,,0.1,0,,,,,,,,,,,,
2018-03-01,AYRTN,0.1,0.1,0.1,0.1,0.1,0,,0.1,0,,,,,,,,,,,,
2018-03-02,AYRTN,0.1,0.1,0.1,0.1,0.1,0,,0.1,0,,,,,,,,,,,,
2018-03-05,AYRTN,0.1,0.1,0.1,0.1,0.1,0,,0.1,0,,,,,,,,,,,,
2018-03-07,AYRTN,0.1,0.1,0.1,0.1,0.1,0,,0.1,0,,,,,,,,,,,,
2018-03-08,AYRTN,0.1,0.1,0.1,0.1,0.1,0,,0.1,0,,,,,,,,,,,,
2018-03-09,AYRTN,0.1,0.1,0.1,0.1,0.1,0,,0.1,0,,,,,,,,,,,,
2018-03-12,AYRTN,0.1,0.1,0.1,0.1,0.1,0,,0.1,0,,,,,,,,,,,,
2018-03-13,AYRTN,0.1,0.1,0.1,0.1,0.1,0,,0.1,0,,,,,,,,,,,,
2018-03-14,AYRTN,0.1,0.1,0.1,0.1,0.1,0,,0.1,0,,,,,,,,,,,,
2018-03-15,AYRTN,0.1,0.1,0.1,0.1,0.1,0,,0.1,0,,,,,,,,,,,,
2018-03-16,AYRTN,0.1,0.1,0.1,0.1,0.1,0,0.1,0.1,0,,,,,,,,,,,,
2018-03-19,AYRTN,0.1,0.1,0.1,0.1,0.1,0,0.1,0.1,0,,,,,,,,,,,,
2018-03-20,AYRTN,0.1,0.1,0.1,0.1,0.1,0,0.1,0.1,0,,,,,,,,,,,,
2018-03-21,AYRTN,0.1,0.1,0.1,0.1,0.1,0,0.1,0.1,0,,,,,,,,,,,,
2018-03-22,AYRTN,0.1,0.1,0.1,0.1,0.1,0,0.11,0.1,0,,,,,,,,,,,,
2018-03-23,AYRTN,0.1,0.1,0.1,0.1,0.1,0,0.1,0.1,2500,,,,,,,,,,,,
2018-03-26,AYRTN,0.1,0.1,0.1,0.1,0.1,0,0.1,0.1,0,,,,,,,,,,,,
2018-03-27,AYRTN,0.1,0.1,0.1,0.1,0.1,0,0.1,0.1,0,,,,,,,,,,,,
2018-03-28,AYRTN,0.1,0.1,0.1,0.1,0.1,0,0.1,0.1,0,,,,,,,,,,,,
2018-03-29,AYRTN,0.1,0.1,0.1,0.1,0.1,0,0.1,0.1,0,,,,,,,,,,,,
2018-04-03,AYRTN,0.1,0.1,0.1,0.1,0.1,0,,0.1,0,,,,,,,,,,,,
2018-04-04,AYRTN,0.1,0.1,0.1,0.1,0.1,0,,0.1,0,,,,,,,,,,,,
2018-04-05,AYRTN,0.1,0.1,0.1,0.1,0.1,0,,0.1,0,,,,,,,,,,,,
2018-04-06,AYRTN,0.1,0.1,0.1,0.1,0.1,0,,0.1,1000,,,,,,,,,,,,
2018-04-09,AYRTN,0.1,0.1,0.1,0.1,0.1,0,0.1,0.1,0,,,,,,,,,,,,
2018-04-10,AYRTN,0.1,0.1,0.1,0.1,0.1,0,,0.1,400,0.1,,,,,,,,,,,
2018-04-11,AYRTN,0.1,0.1,0.1,0.1,0.1,0,,0.1,0,,,,,,,,,,,,
2018-04-12,AYRTN,0.1,0.1,0.1,0.1,0.1,0,,0.1,0,0.1,,,,,,,,,,,
2018-04-13,AYRTN,0.1,0.1,0.1,0.1,0.1,0,,0.1,0,0.1,,,,,,,,,,,
2018-04-16,AYRTN,0.1,0.1,0.1,0.1,0.1,0,,0.1,0,0.1,,,,,,,,,,,
2018-04-17,AYRTN,0.1,0.1,0.1,0.1,0.1,0,,0.1,0,,,,,,,,,,,,
2018-04-18,AYRTN,0.1,0.1,0.1,0.1,0.1,0,,0.1,0,0.1,,,,,,,,,,,
2018-04-19,AYRTN,0.1,0.1,0.1,0.1,0.1,0,,0.1,0,0.1,,,,,,,,,,,
2018-04-20,AYRTN,0.1,0.1,0.1,0.1,0.1,0,,0.1,0,0.1,,,,,,,,,,,
2018-04-23,AYRTN,0.1,0.1,0.1,0.1,0.1,0,,0.1,0,0.1,,,,,,,,,,,
2018-04-24,AYRTN,0.1,0.1,0.1,0.1,0.1,0,0.1,0.1,700,,,,,,,,,,,,
2018-04-25,AYRTN,0.1,0.1,0.1,0.1,0.1,0,0.1,0.1,0,,,,,,,,,,,,
2018-04-26,AYRTN,0.1,0.1,0.1,0.1,0.1,0,,0.1,0,,,,,,,,,,,,
2018-04-27,AYRTN,0.1,0.1,0.1,0.1,0.1,0,,0.1,0,,,,,,,,,,,,
2018-04-30,AYRTN,0.1,0.1,0.1,0.1,0.1,0,,0.1,100,0.1,,,,,,,,,,,
2018-05-02,AYRTN,0.1,0.1,0.1,0.1,0.1,0,0.1,0.1,0,,,,,,,,,,,,
2018-05-03,AYRTN,0.1,0.1,0.1,0.1,0.1,0,,0.1,0,,,,,,,,,,,,
2018-05-04,AYRTN,0.1,0.1,0.1,0.1,0.1,0,,0.1,0,,,,,,,,,,,,
2018-05-07,AYRTN,0.1,0.1,0.1,0.1,0.1,0,,0.1,300,0.1,,,,,,,,,,,
2018-05-08,AYRTN,0.1,0.1,0.1,0.1,0.1,0,0.1,0.1,0,,,,,,,,,,,,
2018-05-09,AYRTN,0.1,0.1,0.1,0.1,0.1,0,,0.1,0,,,,,,,,,,,,
2018-05-10,AYRTN,0.1,0.1,0.1,0.1,0.1,0,,0.1,0,,,,,,,,,,,,
2018-05-11,AYRTN,0.1,0.1,0.1,0.1,0.1,0,,0.1,0,0.1,,,,,,,,,,,
2018-05-14,AYRTN,0.1,0.1,0.1,0.1,0.1,0,,0.1,0,,,,,,,,,,,,
2018-05-15,AYRTN,0.1,0.1,0.1,0.1,0.1,0,,0.1,0,,,,,,,,,,,,
2018-05-16,AYRTN,0.1,0.1,0.1,0.1,0.1,0,0.1,0.1,0,,,,,,,,,,,,
2018-05-17,AYRTN,0.1,0.1,0.1,0.1,0.1,0,,0.1,0,,,,,,,,,,,,
2018-05-18,AYRTN,0.1,0.1,0.1,0.1,0.1,0,,0.1,0,,,,,,,,,,,,
2018-05-21,AYRTN,0.1,0.1,0.1,0.1,0.1,0,,0.1,0,,,,,,,,,,,,
2018-05-22,AYRTN,0.1,0.1,0.1,0.1,0.1,0,,0.1,0,,,,,,,,,,,,
2018-05-23,AYRTN,0.1,0.1,0.1,0.1,0.1,0,,0.1,0,,,,,,,,,,,,
2018-05-24,AYRTN,0.1,0.1,0.1,0.1,0.1,0,,0.1,0,,,,,,,,,,,,
2018-05-28,AYRTN,0.1,0.1,0.1,0.1,0.1,0,,0.1,0,,,,,,,,,,,,
2018-05-29,AYRTN,0.1,0.1,0.1,0.1,0.1,0,,0.1,0,0.1,,,,,,,,,,,
2018-05-30,AYRTN,0.1,0.1,0.1,0.1,0.1,0,,0.1,0,,,,,,,,,,,,
2018-05-31,AYRTN,0.1,0.1,0.1,0.1,0.1,0,,0.1,0,,,,,,,,,,,,
2018-06-01,AYRTN,0.1,0.1,0.1,0.1,0.1,0,,0.1,500,0.1,,,,,,,,,,,
2018-06-04,AYRTN,0.1,0.1,0.1,0.1,0.1,0,,0.1,0,,,,,,,,,,,,
2018-06-05,AYRTN,0.1,0.1,0.1,0.1,0.1,0,,0.1,0,,,,,,,,,,,,
2018-06-06,AYRTN,0.1,0.1,0.1,0.1,0.1,0,,0.1,0,,,,,,,,,,,,
2018-06-07,AYRTN,0.1,0.1,0.1,0.1,0.1,0,,0.1,0,,,,,,,,,,,,
2018-06-08,AYRTN,0.1,0.1,0.1,0.1,0.1,0,,0.1,0,0.08,,,,,,,,,,,
2018-06-11,AYRTN,0.1,0.1,0.1,0.1,0.1,0,,0.1,0,,,,,,,,,,,,
2018-06-12,AYRTN,0.1,0.1,0.1,0.1,0.1,0,,0.1,0,,,,,,,,,,,,
2018-06-13,AYRTN,0.1,0.1,0.1,0.1,0.1,0,,0.1,0,,,,,,,,,,,,
2018-06-14,AYRTN,0.1,0.1,0.1,0.1,0.1,0,,0.1,0,0.1,,,,,,,,,,,
2018-06-18,AYRTN,0.1,0.1,0.1,0.1,0.1,0,,0.1,0,0.1,,,,,,,,,,,
2018-06-19,AYRTN,0.1,0.1,0.1,0.1,0.1,0,,0.1,0,0.1,,,,,,,,,,,
2018-06-20,AYRTN,0.1,0.1,0.1,0.1,0.1,0,,0.1,0,0.1,,,,,,,,,,,
2018-06-21,AYRTN,0.1,0.1,0.1,0.1,0.1,0,,0.1,0,,,,,,,,,,,,
2018-06-22,AYRTN,0.1,0.1,0.1,0.1,0.1,0,,0.1,0,,,,,,,,,,,,
2018-06-25,AYRTN,0.1,0.1,0.1,0.1,0.1,0,,0.1,5000,0.1,,,,,,,,,,,
2018-06-26,AYRTN,0.1,0.1,0.1,0.1,0.1,0,,0.1,0,0.1,,,,,,,,,,,
2018-06-27,AYRTN,0.1,0.1,0.1,0.1,0.1,0,,0.1,0,0.1,,,,,,,,,,,
2018-06-28,AYRTN,0.1,0.1,0.1,0.1,0.1,0,0.08,0.1,0,0.1,,,,,,,,,,,
2018-06-29,AYRTN,0.1,0.1,0.1,0.1,0.1,0,,0.1,0,0.1,,,,,,,,,,,
2018-07-03,AYRTN,0.1,0.1,0.1,0.1,0.1,0,,0.1,4900,0.1,,,,,,,,,,,
2018-07-04,AYRTN,0.1,0.1,0.1,0.1,0.1,0,,0.1,0,0.1,,,,,,,,,,,
2018-07-05,AYRTN,0.1,0.1,0.1,0.1,0.1,0,,0.1,0,0.1,,,,,,,,,,,
2018-07-06,AYRTN,0.1,0.1,0.1,0.1,0.1,0,,0.1,0,0.1,,,,,,,,,,,
2018-07-09,AYRTN,0.1,0.1,0.1,0.1,0.1,0,,0.1,0,0.1,,,,,,,,,,,
2018-07-10,AYRTN,0.1,0.1,0.1,0.1,0.1,0,0.08,0.1,0,0.1,,,,,,,,,,,
2018-07-11,AYRTN,0.1,0.1,0.1,0.1,0.1,0,0.08,0.1,0,0.1,,,,,,,,,,,
2018-07-12,AYRTN,0.1,0.1,0.1,0.1,0.1,0,0.08,0.1,0,0.1,,,,,,,,,,,
2018-07-13,AYRTN,0.1,0.1,0.1,0.1,0.1,0,0.08,0.1,0,0.1,,,,,,,,,,,
2018-07-16,AYRTN,0.1,0.1,0.1,0.1,0.1,0,0.08,0.1,0,0.1,,,,,,,,,,,
2018-07-17,AYRTN,0.1,0.1,0.1,0.1,0.1,0,0.08,0.1,0,0.1,,,,,,,,,,,
2018-07-18,AYRTN,0.1,0.1,0.1,0.1,0.1,0,0.08,0.1,0,0.1,,,,,,,,,,,
2018-07-19,AYRTN,0.1,0.1,0.1,0.1,0.1,0,0.08,0.1,0,0.1,,,,,,,,,,,
2018-07-20,AYRTN,0.1,0.1,0.1,0.1,0.1,0,0.08,0.1,0,0.1,,,,,,,,,,,
2018-07-23,AYRTN,0.1,0.1,0.1,0.1,0.1,0,0.08,0.1,0,,,,,,,,,,,,
2018-07-24,AYRTN,0.1,0.1,0.1,0.1,0.1,0,0.08,0.1,0,0.1,,,,,,,,,,,
2018-07-25,AYRTN,0.1,0.1,0.1,0.1,0.1,0,0.08,0.1,0,,,,,,,,,,,,
2018-07-26,AYRTN,0.1,0.1,0.1,0.1,0.1,0,,0.1,0,,,,,,,,,,,,
2018-07-27,AYRTN,0.1,0.1,0.1,0.1,0.1,0,,0.1,0,,,,,,,,,,,,
2018-07-30,AYRTN,0.1,0.1,0.1,0.1,0.1,0,0.08,0.1,0,,,,,,,,,,,,
2018-07-31,AYRTN,0.1,0.1,0.1,0.1,0.1,0,0.08,0.1,0,,,,,,,,,,,,
2018-08-01,AYRTN,0.1,0.1,0.1,0.1,0.1,0,0.08,0.1,0,,,,,,,,,,,,
2018-08-02,AYRTN,0.1,0.1,0.1,0.1,0.1,0,0.08,0.1,0,,,,,,,,,,,,
2018-08-03,AYRTN,0.1,0.1,0.1,0.1,0.1,0,,0.1,0,,,,,,,,,,,,
2018-08-06,AYRTN,0.1,0.1,0.1,0.1,0.1,0,0.08,0.1,0,,,,,,,,,,,,
2018-08-07,AYRTN,0.1,0.1,0.1,0.1,0.1,0,0.08,0.1,0,,,,,,,,,,,,
2018-08-08,AYRTN,0.1,0.1,0.1,0.1,0.1,0,,0.1,0,,,,,,,,,,,,
2018-08-09,AYRTN,0.1,0.1,0.1,0.1,0.1,0,0.08,0.1,0,,,,,,,,,,,,
2018-08-10,AYRTN,0.1,0.08,0.1,0.1,0.08,-0.02,0.08,0.08,1300,,,,,,,,,,,,
2018-08-13,AYRTN,0.1,0.08,0.08,0.08,0.08,0,,0.08,0,,,,,,,,,,,,
2018-08-14,AYRTN,0.1,0.08,0.08,0.08,0.08,0,0.08,0.08,0,,,,,,,,,,,,
2018-08-15,AYRTN,0.1,0.08,0.08,0.08,0.08,0,0.08,0.08,0,,,,,,,,,,,,
2018-08-16,AYRTN,0.1,0.08,0.08,0.08,0.08,0,,0.08,0,,,,,,,,,,,,
2018-08-17,AYRTN,0.1,0.08,0.08,0.08,0.08,0,0.08,0.08,0,,,,,,,,,,,,
2018-08-20,AYRTN,0.1,0.08,0.08,0.08,0.08,0,0.08,0.08,0,,,,,,,,,,,,
2018-08-22,AYRTN,0.1,0.08,0.08,0.08,0.08,0,0.08,0.08,0,0.09,,,,,,,,,,,
2018-08-23,AYRTN,0.1,0.08,0.08,0.08,0.08,0,,0.08,0,,,,,,,,,,,,
2018-08-24,AYRTN,0.1,0.08,0.08,0.08,0.08,0,,0.08,0,,,,,,,,,,,,
2018-08-27,AYRTN,0.1,0.08,0.08,0.08,0.08,0,0.08,0.08,0,,,,,,,,,,,,
2018-08-28,AYRTN,0.1,0.08,0.08,0.08,0.08,0,0.08,0.08,0,,,,,,,,,,,,
2018-08-29,AYRTN,0.1,0.08,0.08,0.08,0.08,0,0.08,0.08,0,,,,,,,,,,,,
2018-08-30,AYRTN,0.1,0.08,0.08,0.08,0.08,0,,0.08,1100,0.08,,,,,,,,,,,
2018-08-31,AYRTN,0.1,0.07,0.08,0.08,0.07,-0.01,,0.07,2000,,,,,,,,,,,,
2018-09-03,AYRTN,0.1,0.07,0.07,0.07,0.07,0,,0.07,0,0.08,,,,,,,,,,,
2018-09-04,AYRTN,0.1,0.07,0.07,0.07,0.07,0,,0.07,0,0.08,,,,,,,,,,,
2018-09-05,AYRTN,0.1,0.07,0.07,0.07,0.07,0,,0.07,0,0.08,,,,,,,,,,,
2018-09-06,AYRTN,0.1,0.07,0.07,0.07,0.07,0,,0.07,100,0.08,,,,,,,,,,,
2018-09-07,AYRTN,0.1,0.07,0.07,0.07,0.07,0,,0.07,0,0.08,,,,,,,,,,,
2018-09-10,AYRTN,0.1,0.07,0.07,0.07,0.07,0,,0.07,0,0.08,,,,,,,,,,,
2018-09-11,AYRTN,0.1,0.07,0.07,0.07,0.07,0,,0.07,0,0.08,,,,,,,,,,,
2018-09-12,AYRTN,0.1,0.08,0.08,0.08,0.08,0,,0.08,0,0.08,,,,,,,,,,,
2018-09-13,AYRTN,0.1,0.08,0.08,0.08,0.08,0,,0.08,0,0.08,,,,,,,,,,,
2018-09-14,AYRTN,0.1,0.08,0.08,0.08,0.08,0,0.07,0.08,0,0.08,,,,,,,,,,,
2018-09-17,AYRTN,0.1,0.08,0.08,0.08,0.08,0,,0.08,0,0.08,,,,,,,,,,,
2018-09-18,AYRTN,0.1,0.08,0.08,0.08,0.08,0,,0.08,0,,,,,,,,,,,,
2018-09-19,AYRTN,0.1,0.08,0.08,0.08,0.08,0,,0.08,0,0.08,,,,,,,,,,,
2018-09-20,AYRTN,0.1,0.08,0.08,0.08,0.08,0,,0.08,0,,,,,,,,,,,,
2018-09-24,AYRTN,0.1,0.08,0.08,0.08,0.08,0,,0.08,0,,,,,,,,,,,,
2018-09-25,AYRTN,0.1,0.08,0.08,0.08,0.08,0,,0.08,0,0.08,,,,,,,,,,,
2018-09-26,AYRTN,0.1,0.08,0.08,0.08,0.08,0,,0.08,0,0.08,,,,,,,,,,,
2018-09-27,AYRTN,0.1,0.08,0.08,0.08,0.08,0,,0.08,0,0.08,,,,,,,,,,,
2018-09-28,AYRTN,0.1,0.08,0.08,0.08,0.08,0,,0.08,0,0.08,,,,,,,,,,,
2018-10-01,AYRTN,0.1,0.08,0.08,0.08,0.08,0,,0.08,0,,,,,,,,,,,,
2018-10-02,AYRTN,0.1,0.08,0.08,0.08,0.08,0,,0.08,0,0.48,,,,,,,,,,,
2018-10-03,AYRTN,0.1,0.08,0.08,0.08,0.08,0,,0.08,0,0.08,,,,,,,,,,,
2018-10-04,AYRTN,0.1,0.08,0.08,0.08,0.08,0,,0.08,100,0.08,,,,,,,,,,,
2018-10-05,AYRTN,0.1,0.08,0.08,0.08,0.08,0,,0.08,0,0.08,,,,,,,,,,,
2018-10-08,AYRTN,0.1,0.08,0.08,0.08,0.08,0,,0.08,0,,,,,,,,,,,,
2018-10-09,AYRTN,0.1,0.08,0.08,0.08,0.08,0,,0.08,1500,0.08,,,,,,,,,,,
2018-10-10,AYRTN,0.1,0.08,0.08,0.08,0.08,0,,0.08,0,0.08,,,,,,,,,,,
2018-10-11,AYRTN,0.1,0.08,0.08,0.08,0.08,0,,0.08,0,0.08,,,,,,,,,,,
2018-10-12,AYRTN,0.1,0.08,0.08,0.08,0.08,0,,0.08,0,0.08,,,,,,,,,,,
2018-10-15,AYRTN,0.1,0.08,0.08,0.08,0.08,0,,0.08,0,0.08,,,,,,,,,,,
2018-10-16,AYRTN,0.1,0.08,0.08,0.08,0.08,0,,0.08,0,0.08,,,,,,,,,,,
2018-10-17,AYRTN,0.1,0.08,0.08,0.08,0.08,0,,0.08,0,0.08,,,,,,,,,,,
2018-10-18,AYRTN,0.1,0.08,0.08,0.08,0.08,0,,0.08,0,0.08,,,,,,,,,,,
2018-10-19,AYRTN,0.1,0.08,0.08,0.08,0.08,0,,0.08,0,0.08,,,,,,,,,,,
2018-10-22,AYRTN,0.1,0.08,0.08,0.08,0.08,0,,0.08,0,,,,,,,,,,,,
2018-10-23,AYRTN,0.1,0.08,0.08,0.08,0.08,0,,0.08,0,,,,,,,,,,,,
2018-10-24,AYRTN,0.1,0.08,0.08,0.08,0.08,0,,0.08,0,,,,,,,,,,,,
2018-10-24,AYRTN,0.1,0.08,0.08,0.08,0.08,0,,0.08,0,0.08,,,,,,,,,,,
2018-10-26,AYRTN,0.1,0.08,0.08,0.08,0.08,0,,0.08,0,0.08,,,,,,,,,,,
2018-10-29,AYRTN,0.1,0.08,0.08,0.08,0.08,0,,0.08,0,0.08,,,,,,,,,,,
2018-10-30,AYRTN,0.1,0.08,0.08,0.08,0.08,0,,0.08,0,0.08,,,,,,,,,,,
2018-10-31,AYRTN,0.1,0.08,0.08,0.08,0.08,0,,0.08,0,0.08,,,,,,,,,,,
2018-11-01,AYRTN,0.1,0.08,0.08,0.08,0.08,0,,0.08,0,0.08,,,,,,,,,,,
2018-11-02,AYRTN,0.1,0.08,0.08,0.08,0.08,0,,0.08,0,0.08,,,,,,,,,,,
2018-11-05,AYRTN,0.1,0.08,0.08,0.08,0.08,0,,0.08,0,0.08,,,,,,,,,,,
2018-11-06,AYRTN,0.1,0.08,0.08,0.08,0.08,0,,0.08,0,0.08,,,,,,,,,,,
2018-11-07,AYRTN,0.1,0.08,0.08,0.08,0.08,0,,0.08,0,0.08,,,,,,,,,,,
2018-11-08,AYRTN,0.1,0.08,0.08,0.08,0.08,0,,0.08,0,0.08,,,,,,,,,,,
2018-11-09,AYRTN,0.1,0.08,0.08,0.08,0.08,0,,0.08,0,0.08,,,,,,,,,,,
2018-11-12,AYRTN,0.1,0.08,0.08,0.08,0.08,0,,0.08,0,0.08,,,,,,,,,,,
2018-11-13,AYRTN,0.1,0.08,0.08,0.08,0.08,0,,0.08,0,0.08,,,,,,,,,,,
2018-11-14,AYRTN,0.1,0.08,0.08,0.08,0.08,0,,0.08,0,0.08,,,,,,,,,,,
2018-11-15,AYRTN,0.1,0.08,0.08,0.08,0.08,0,,0.08,0,0.08,,,,,,,,,,,
2018-11-16,AYRTN,0.1,0.08,0.08,0.08,0.08,0,,0.08,0,0.08,,,,,,,,,,,
2018-11-19,AYRTN,0.1,0.08,0.08,0.08,0.08,0,,0.08,5000,0.08,,,,,,,,,,,
2018-11-20,AYRTN,0.1,0.08,0.08,0.08,0.08,0,,0.08,0,0.08,,,,,,,,,,,
2018-11-21,AYRTN,0.1,0.08,0.08,0.08,0.08,0,,0.08,0,0.08,,,,,,,,,,,
2018-11-22,AYRTN,0.1,0.08,0.08,0.08,0.08,0,,0.08,0,0.08,,,,,,,,,,,
2018-11-23,AYRTN,0.1,0.08,0.08,0.08,0.08,0,,0.08,0,0.08,,,,,,,,,,,
2018-11-26,AYRTN,0.1,0.08,0.08,0.08,0.08,0,,0.08,0,0.08,,,,,,,,,,,
2018-11-27,AYRTN,0.1,0.08,0.08,0.08,0.08,0,,0.08,0,0.08,,,,,,,,,,,
2018-11-28,AYRTN,0.1,0.08,0.08,0.08,0.08,0,,0.08,0,0.08,,,,,,,,,,,
2018-11-29,AYRTN,0.1,0.08,0.08,0.08,0.08,0,,0.08,0,0.08,,,,,,,,,,,
2018-11-30,AYRTN,0.1,0.08,0.08,0.08,0.08,0,,0.08,0,0.08,,,,,,,,,,,
2018-12-03,AYRTN,0.1,0.08,0.08,0.08,0.08,0,,0.08,0,0.08,,,,,,,,,,,
2018-12-04,AYRTN,0.1,0.08,0.08,0.08,0.08,0,,0.08,0,0.08,,,,,,,,,,,
2018-12-05,AYRTN,0.1,0.08,0.08,0.08,0.08,0,,0.08,0,0.08,,,,,,,,,,,
2018-12-06,AYRTN,0.1,0.08,0.08,0.08,0.08,0,,0.08,0,0.08,,,,,,,,,,,
2018-12-10,AYRTN,0.1,0.08,0.08,0.08,0.08,0,,0.08,0,0.08,,,,,,,,,,,
2018-12-11,AYRTN,0.1,0.08,0.08,0.08,0.08,0,,0.08,0,0.08,,,,,,,,,,,
2018-12-12,AYRTN,0.1,0.08,0.08,0.08,0.08,0,,0.08,0,0.08,,,,,,,,,,,
2018-12-13,AYRTN,0.1,0.08,0.08,0.08,0.08,0,,0.08,0,0.08,,,,,,,,,,,
2018-12-14,AYRTN,0.1,0.08,0.08,0.08,0.08,0,,0.08,3000,0.08,,,,,,,,,,,
2018-12-17,AYRTN,0.1,0.08,0.08,0.08,0.08,0,,0.08,0,,,,,,,,,,,,
2018-12-18,AYRTN,0.1,0.08,0.08,0.08,0.08,0,,0.08,0,0.08,,,,,,,,,,,
2018-12-19,AYRTN,0.1,0.08,0.08,0.08,0.08,0,,0.08,0,0.08,,,,,,,,,,,
2018-12-20,AYRTN,0.1,0.08,0.08,0.08,0.08,0,,0.08,0,0.08,,,,,,,,,,,
2018-12-21,AYRTN,0.1,0.08,0.08,0.08,0.08,0,,0.08,0,0.08,,,,,,,,,,,
2018-12-24,AYRTN,0.1,0.07,0.08,0.08,0.07,-0.01,,0.07,5000,0.08,,,,,,,,,,,
2018-12-27,AYRTN,0.1,0.07,0.07,0.07,0.07,0,,0.07,0,0.08,,,,,,,,,,,
2018-12-28,AYRTN,0.1,0.07,0.07,0.07,0.07,0,,0.07,0,0.07,,,,,,,,,,,
2018-12-31,AYRTN,0.1,0.07,0.07,0.07,0.07,0,,0.07,0,"""Date",Share Code,Year High (GHS),Year Low (GHS),Previous Closing Price VWAP (GHS),Opening Price (GHS),Closing Price VWAP (GHS),Price Change (GHS),Closing Bid Price (GHS),Last Transaction Price (GHS),Total Shares Traded,Closing Offer Price (GHS)
2017-01-03,BOPP,2.08,2.08,2.08,2.08,2.08,0,2.08,2.08,800,,,,,,,,,,,,
2017-01-04,BOPP,2.08,2.08,2.08,2.08,2.08,0,2.08,2.08,500,,,,,,,,,,,,
2017-01-05,BOPP,2.08,2.08,2.08,2.08,2.08,0,2.08,2.08,0,,,,,,,,,,,,
2017-01-06,BOPP,2.08,2.08,2.08,2.08,2.08,0,2.08,2.08,100,,,,,,,,,,,,
2017-01-09,BOPP,2.08,2.08,2.08,2.08,2.08,0,2.08,2.08,0,,,,,,,,,,,,
2017-01-10,BOPP,2.08,2.08,2.08,2.08,2.08,0,2.08,2.08,0,,,,,,,,,,,,
2017-01-11,BOPP,2.08,2.08,2.08,2.08,2.08,0,2.08,2.08,0,,,,,,,,,,,,
2017-01-12,BOPP,2.08,2.08,2.08,2.08,2.08,0,2.08,2.08,0,,,,,,,,,,,,
2017-01-13,BOPP,2.08,2.08,2.08,2.08,2.08,0,2.08,2.08,0,,,,,,,,,,,,
2017-01-16,BOPP,2.08,2.08,2.08,2.08,2.08,0,2.08,2.08,200,,,,,,,,,,,,
2017-01-17,BOPP,2.08,2.08,2.08,2.08,2.08,0,2.08,2.08,300,,,,,,,,,,,,
2017-01-18,BOPP,2.08,2.08,2.08,2.08,2.08,0,2.08,2.08,0,,,,,,,,,,,,
2017-01-19,BOPP,2.08,2.08,2.08,2.08,2.08,0,2.08,2.08,0,,,,,,,,,,,,
2017-01-20,BOPP,2.08,2.08,2.08,2.08,2.08,0,2.08,2.08,100,,,,,,,,,,,,
2017-01-23,BOPP,2.08,2.08,2.08,2.08,2.08,0,2.08,2.08,0,,,,,,,,,,,,
2017-01-24,BOPP,2.08,2.08,2.08,2.08,2.08,0,2.08,2.08,0,,,,,,,,,,,,
2017-01-25,BOPP,2.09,2.08,2.08,2.08,2.09,0.01,2.09,2.09,1000,,,,,,,,,,,,
2017-01-26,BOPP,2.09,2.08,2.09,2.09,2.09,0,2.1,2.09,0,,,,,,,,,,,,
2017-01-27,BOPP,2.09,2.08,2.09,2.09,2.09,0,2.11,2.09,0,,,,,,,,,,,,
2017-01-30,BOPP,2.09,2.08,2.09,2.09,2.09,0,2.11,2.09,0,,,,,,,,,,,,
2017-01-31,BOPP,2.11,2.08,2.09,2.09,2.11,0.02,2.11,2.11,200,,,,,,,,,,,,
2017-02-01,BOPP,2.11,2.08,2.11,2.11,2.11,0,2.11,2.11,0,,,,,,,,,,,,
2017-02-02,BOPP,2.11,2.08,2.11,2.11,2.11,0,2.13,2.11,0,,,,,,,,,,,,
2017-02-03,BOPP,2.12,2.08,2.11,2.11,2.12,0.01,2.14,2.12,800,,,,,,,,,,,,
2017-02-06,BOPP,2.14,2.08,2.12,2.12,2.14,0.02,2.13,2.14,1400,,,,,,,,,,,,
2017-02-07,BOPP,2.16,2.08,2.14,2.14,2.16,0.02,2.15,2.16,1400,,,,,,,,,,,,
2017-02-08,BOPP,2.16,2.08,2.16,2.16,2.16,0,2.16,2.16,0,,,,,,,,,,,,
2017-02-09,BOPP,2.17,2.08,2.16,2.16,2.17,0.01,2.18,2.17,1400,,,,,,,,,,,,
2017-02-10,BOPP,2.21,2.08,2.17,2.17,2.21,0.04,2.21,2.21,300,,,,,,,,,,,,
2017-02-13,BOPP,2.21,2.08,2.21,2.17,2.21,0,2.22,2.21,0,,,,,,,,,,,,
2017-02-14,BOPP,2.21,2.08,2.21,2.17,2.21,0,2.22,2.21,0,,,,,,,,,,,,
2017-02-15,BOPP,2.21,2.08,2.21,2.21,2.21,0,2.22,2.21,0,,,,,,,,,,,,
2017-02-16,BOPP,2.21,2.08,2.21,2.21,2.21,0,2.24,2.21,0,,,,,,,,,,,,
2017-02-17,BOPP,2.21,2.08,2.21,2.21,2.21,0,2.24,2.21,0,,,,,,,,,,,,
2017-02-20,BOPP,2.21,2.08,2.21,2.21,2.21,0,2.23,2.21,0,,,,,,,,,,,,
2017-02-21,BOPP,2.21,2.08,2.21,2.21,2.21,0,2.25,2.21,0,,,,,,,,,,,,
2017-02-22,BOPP,2.21,2.08,2.21,2.21,2.21,0,2.32,2.21,0,,,,,,,,,,,,
2017-02-23,BOPP,2.21,2.08,2.21,2.21,2.21,0,2.33,2.21,0,,,,,,,,,,,,
2017-02-24,BOPP,2.5,2.08,2.21,2.21,2.5,0.29,2.3,2.5,600,,,,,,,,,,,,
2017-02-27,BOPP,2.5,2.08,2.5,2.5,2.5,0,2.46,2.5,0,2.55,,,,,,,,,,,
2017-02-28,BOPP,2.5,2.08,2.5,2.5,2.46,-0.04,2.45,2.5,1100,,,,,,,,,,,,
2017-03-01,BOPP,2.82,2.08,2.46,2.5,2.82,0.36,2.49,2.5,1300,,,,,,,,,,,,
2017-03-02,BOPP,2.82,2.08,2.82,2.5,2.82,0,2.5,2.5,0,,,,,,,,,,,,
2017-03-03,BOPP,2.82,2.08,2.82,2.82,2.82,0,2.82,2.5,300,,,,,,,,,,,,
2017-03-07,BOPP,2.82,2.08,2.82,2.82,2.82,0,2.82,2.5,0,,,,,,,,,,,,
2017-03-08,BOPP,2.82,2.08,2.82,2.82,2.82,0,2.82,2.5,60300,,,,,,,,,,,,
2017-03-09,BOPP,2.82,2.08,2.82,2.82,2.82,0,2.82,2.5,0,,,,,,,,,,,,
2017-03-10,BOPP,2.82,2.08,2.82,2.82,2.82,0,2.82,2.5,0,,,,,,,,,,,,
2017-03-13,BOPP,2.82,2.08,2.82,2.82,2.82,0,2.82,2.5,0,,,,,,,,,,,,
2017-03-14,BOPP,2.82,2.08,2.82,2.82,2.82,0,2.82,2.5,5400,,,,,,,,,,,,
2017-03-15,BOPP,2.85,2.08,2.82,2.82,2.85,0.03,2.85,2.85,300,,,,,,,,,,,,
2017-03-16,BOPP,2.85,2.08,2.85,2.85,2.85,0,2.86,2.85,0,,,,,,,,,,,,
2017-03-17,BOPP,2.85,2.08,2.85,2.85,2.85,0,2.85,2.85,0,,,,,,,,,,,,
2017-03-20,BOPP,2.85,2.08,2.85,2.85,2.85,0,2.85,2.85,0,,,,,,,,,,,,
2017-03-21,BOPP,2.85,2.08,2.85,2.85,2.85,0,2.86,2.85,0,,,,,,,,,,,,
2017-03-22,BOPP,2.87,2.08,2.85,2.85,2.87,0.02,2.87,2.87,100,,,,,,,,,,,,
2017-03-23,BOPP,2.87,2.08,2.87,2.87,2.87,0,2.88,2.87,0,,,,,,,,,,,,
2017-03-24,BOPP,2.87,2.08,2.87,2.87,2.87,0,2.9,2.87,0,,,,,,,,,,,,
2017-03-27,BOPP,2.87,2.08,2.87,2.87,2.87,0,2.88,2.87,0,,,,,,,,,,,,
2017-03-28,BOPP,2.87,2.08,2.87,2.87,2.87,0,2.89,2.87,0,,,,,,,,,,,,
2017-03-29,BOPP,2.87,2.08,2.87,2.87,2.87,0,2.9,2.87,0,,,,,,,,,,,,
2017-03-30,BOPP,2.87,2.08,2.87,2.87,2.87,0,2.9,2.87,0,,,,,,,,,,,,
2017-03-31,BOPP,2.9,2.08,2.87,2.87,2.9,0.03,2.9,2.9,100,,,,,,,,,,,,
2017-04-03,BOPP,2.9,2.08,2.9,2.9,2.9,0,2.9,2.9,0,,,,,,,,,,,,
2017-04-04,BOPP,2.9,2.08,2.9,2.9,2.9,0,2.91,2.9,0,,,,,,,,,,,,
2017-04-05,BOPP,2.95,2.08,2.9,2.9,2.95,0.05,2.95,2.95,2000,,,,,,,,,,,,
2017-04-06,BOPP,2.97,2.08,2.95,2.95,2.97,0.02,3,2.97,200,,,,,,,,,,,,
2017-04-07,BOPP,2.97,2.08,2.97,2.97,2.97,0,3,2.97,0,,,,,,,,,,,,
2017-04-10,BOPP,2.97,2.08,2.97,2.97,2.97,0,3,2.97,0,,,,,,,,,,,,
2017-04-11,BOPP,2.97,2.08,2.97,2.97,2.97,0,3.02,2.97,0,,,,,,,,,,,,
2017-04-12,BOPP,2.97,2.08,2.97,2.97,2.97,0,3.03,2.97,0,,,,,,,,,,,,
2017-04-13,BOPP,3.01,2.08,2.97,2.97,3.01,0.04,3.01,3.01,400,,,,,,,,,,,,
2017-04-18,BOPP,3.01,2.08,3.01,3.01,3.01,0,3.04,3.01,0,,,,,,,,,,,,
2017-04-19,BOPP,3.01,2.08,3.01,3.01,3.01,0,3.1,3.01,0,,,,,,,,,,,,
2017-04-20,BOPP,3.13,2.08,3.01,3.01,3.13,0.12,3.13,3.13,200,,,,,,,,,,,,
2017-04-21,BOPP,3.21,2.08,3.13,3.13,3.21,0.08,3.23,3.21,1200,,,,,,,,,,,,
2017-04-24,BOPP,3.22,2.08,3.21,3.21,3.22,0.01,3.22,3.22,800,,,,,,,,,,,,
2017-04-25,BOPP,3.5,2.08,3.22,3.22,3.5,0.28,3.23,3.5,500,,,,,,,,,,,,
2017-04-26,BOPP,3.5,2.08,3.5,3.5,3.22,-0.28,3.22,3.22,300,4,,,,,,,,,,,
2017-04-27,BOPP,3.5,2.08,3.22,3.22,3.22,0,3.22,3.22,0,,,,,,,,,,,,
2017-04-28,BOPP,3.5,2.08,3.22,3.22,3.22,0,3.24,3.22,0,,,,,,,,,,,,
2017-05-02,BOPP,3.5,2.08,3.22,3.22,3.22,0,3.22,3.22,0,,,,,,,,,,,,
2017-05-03,BOPP,3.5,2.08,3.22,3.22,3.22,0,3.23,3.22,0,,,,,,,,,,,,
2017-05-04,BOPP,3.5,2.08,3.22,3.22,3.25,0.03,3.24,3.27,1700,,,,,,,,,,,,
2017-05-05,BOPP,3.5,2.08,3.25,3.25,3.29,0.04,3.3,3.3,500,,,,,,,,,,,,
2017-05-08,BOPP,3.5,2.08,3.29,3.29,3.29,0,3.3,3.3,0,,,,,,,,,,,,
2017-05-09,BOPP,3.5,2.08,3.29,3.29,3.29,0,3.29,3.3,0,,,,,,,,,,,,
2017-05-10,BOPP,3.5,2.08,3.29,3.29,3.5,0.21,3.5,3.5,1500,,,,,,,,,,,,
2017-05-11,BOPP,3.5,2.08,3.5,3.5,3.5,0,3.5,3.5,0,,,,,,,,,,,,
2017-05-12,BOPP,3.5,2.08,3.5,3.5,3.5,0,3.5,3.5,0,,,,,,,,,,,,
2017-05-15,BOPP,3.5,2.08,3.5,3.5,3.5,0,3.22,3.5,0,,,,,,,,,,,,
2017-05-16,BOPP,3.5,2.08,3.5,3.5,3.5,0,3.7,3.5,0,4,,,,,,,,,,,
2017-05-17,BOPP,3.5,2.08,3.5,3.5,3.66,0.16,3.55,3.5,400,,,,,,,,,,,,
2017-05-18,BOPP,3.66,2.08,3.66,3.66,3.52,-0.14,3.5,3.52,500,,,,,,,,,,,,
2017-05-19,BOPP,3.66,2.08,3.52,3.66,3.52,0,3.52,3.52,0,4,,,,,,,,,,,
2017-05-22,BOPP,3.66,2.08,3.52,3.66,3.53,0.01,3.52,3.52,300,,,,,,,,,,,,
2017-05-23,BOPP,3.66,2.08,3.53,3.66,3.53,0,3.53,3.52,0,,,,,,,,,,,,
2017-05-24,BOPP,3.66,2.08,3.53,3.66,3.55,0.02,3.55,3.52,5200,,,,,,,,,,,,
2017-05-26,BOPP,3.66,2.08,3.55,3.66,3.55,0,3.55,3.52,0,,,,,,,,,,,,
2017-05-29,BOPP,3.66,2.08,3.55,3.66,3.56,0.01,3.55,3.52,1700,,,,,,,,,,,,
2017-05-30,BOPP,3.66,2.08,3.56,3.66,3.56,0,3.56,3.52,0,,,,,,,,,,,,
2017-05-31,BOPP,3.66,2.08,3.56,3.66,3.56,0,,3.52,0,,,,,,,,,,,,
2017-06-01,BOPP,3.66,2.08,3.56,3.66,3.56,0,3.56,3.52,0,,,,,,,,,,,,
2017-06-02,BOPP,3.66,2.08,3.56,3.66,3.56,0,3.56,3.52,0,4,,,,,,,,,,,
2017-06-05,BOPP,3.66,2.08,3.56,3.66,3.56,0,3.56,3.52,0,,,,,,,,,,,,
2017-06-06,BOPP,3.66,2.08,3.56,3.56,3.56,0,3.57,3.52,0,4,,,,,,,,,,,
2017-06-07,BOPP,4,2.08,3.56,3.56,4,0.44,4,4,900,,,,,,,,,,,,
2017-06-08,BOPP,4,2.08,4,3.56,4,0,4,4,0,4.2,,,,,,,,,,,
2017-06-09,BOPP,4,2.08,4,4,4,0,,4,3400,4.2,,,,,,,,,,,
2017-06-12,BOPP,4,2.08,4,4,4,0,4,4,4800,,,,,,,,,,,,
2017-06-13,BOPP,4.01,2.08,4,4,4.01,0.01,4.01,4.01,2300,4.5,,,,,,,,,,,
2017-06-14,BOPP,4.01,2.08,4.01,4.01,4.01,0,4.01,4.01,200,,,,,,,,,,,,
2017-06-15,BOPP,4.01,2.08,4.01,4.01,4.2,0.19,4.01,4.2,1600,4.25,,,,,,,,,,,
2017-06-16,BOPP,4.01,2.08,4.2,4.2,4.2,0,4,4.2,1000,,,,,,,,,,,,
2017-06-19,BOPP,4.01,2.08,4.2,4.2,4.2,0,4.1,4.2,5000,,,,,,,,,,,,
2017-06-20,BOPP,4.01,2.08,4.2,4.2,4.2,0,4.2,4.2,0,,,,,,,,,,,,
2017-06-21,BOPP,4.01,2.08,4.2,4.2,4.2,0,4.2,4.2,0,,,,,,,,,,,,
2017-06-22,BOPP,4.4,2.08,4.2,4.2,4.31,0.11,4.2,4.4,1900,,,,,,,,,,,,
2017-06-23,BOPP,4.4,2.08,4.31,4.2,4.31,0,4.31,4.31,500,,,,,,,,,,,,
2017-06-27,BOPP,4.4,2.08,4.31,4.2,4.31,0,4.31,4.31,0,,,,,,,,,,,,
2017-06-28,BOPP,4.4,2.08,4.31,4.2,4.31,0,4.31,4.31,0,,,,,,,,,,,,
2017-06-29,BOPP,4.4,2.08,4.31,4.31,4.32,0.01,4.31,4.32,300,,,,,,,,,,,,
2017-06-30,BOPP,4.4,2.08,4.32,4.32,4.4,0.08,4.41,4.4,900,,,,,,,,,,,,
2017-07-04,BOPP,4.41,2.08,4.4,4.32,4.41,0.01,4.51,4.41,200,,,,,,,,,,,,
2017-07-05,BOPP,4.41,2.08,4.41,4.41,4.41,0,4.51,4.41,0,,,,,,,,,,,,
2017-07-06,BOPP,4.41,2.08,4.41,4.41,4.41,0,4.66,4.41,0,,,,,,,,,,,,
2017-07-07,BOPP,4.41,2.08,4.41,4.41,4.41,0,4.8,4.41,0,,,,,,,,,,,,
2017-07-10,BOPP,4.52,2.08,4.41,4.41,4.52,0.11,4.52,4.52,1900,,,,,,,,,,,,
2017-07-11,BOPP,4.52,2.08,4.52,4.52,4.52,0,4.67,4.52,0,,,,,,,,,,,,
2017-07-12,BOPP,4.52,2.08,4.52,4.52,4.52,0,4.62,4.52,0,,,,,,,,,,,,
2017-07-13,BOPP,4.52,2.08,4.52,4.52,4.52,0,4.72,4.52,0,,,,,,,,,,,,
2017-07-14,BOPP,4.52,2.08,4.52,4.52,4.52,0,4.6,4.52,100,,,,,,,,,,,,
2017-07-17,BOPP,4.52,2.08,4.52,4.52,4.52,0,5,4.52,10700,,,,,,,,,,,,
2017-07-18,BOPP,4.52,2.08,4.52,4.52,4.52,0,5,4.52,0,,,,,,,,,,,,
2017-07-19,BOPP,5,2.08,4.52,4.52,5,0.48,,5,5000,,,,,,,,,,,,
2017-07-20,BOPP,5.01,2.08,5,5,5.01,0.01,5.01,5.01,700,,,,,,,,,,,,
2017-07-21,BOPP,5.01,2.08,5.01,5,5.01,0,5.01,5.01,0,,,,,,,,,,,,
2017-07-24,BOPP,5.03,2.08,5.01,5.01,5.03,0.02,5.03,5.03,300,,,,,,,,,,,,
2017-07-25,BOPP,5.03,2.08,5.03,5.03,5.03,0,5.04,5.03,0,,,,,,,,,,,,
2017-07-26,BOPP,5.03,2.08,5.03,5.03,5.03,0,5.03,5.03,200,,,,,,,,,,,,
2017-07-27,BOPP,5.03,2.08,5.03,5.03,5.03,0,5.04,5.03,0,,,,,,,,,,,,
2017-07-28,BOPP,5.03,2.08,5.03,5.03,5.03,0,5.03,5.03,0,,,,,,,,,,,,
2017-07-31,BOPP,5.03,2.08,5.03,5.03,5.03,0,5.03,5.03,0,,,,,,,,,,,,
2017-08-01,BOPP,5.03,2.08,5.03,5.03,5.03,0,5.03,5.03,0,,,,,,,,,,,,
2017-08-02,BOPP,5.03,2.08,5.03,5.03,5.03,0,5.03,5.03,800,,,,,,,,,,,,
2017-08-03,BOPP,5.04,2.08,5.03,5.03,5.04,0.01,5.04,5.04,300,,,,,,,,,,,,
2017-08-04,BOPP,5.04,2.08,5.04,5.04,5.04,0,5.05,5.04,700,,,,,,,,,,,,
2017-08-07,BOPP,5.04,2.08,5.04,5.04,5.04,0,5.06,5.04,0,5.7,,,,,,,,,,,
2017-08-08,BOPP,5.06,2.08,5.04,5.04,5.06,0.02,5.06,5.06,500,,,,,,,,,,,,
2017-08-09,BOPP,5.06,2.08,5.06,5.06,5.06,0,5.06,5.06,0,,,,,,,,,,,,
2017-08-10,BOPP,5.08,2.08,5.06,5.06,5.08,0.02,5.09,5.08,200,5.12,,,,,,,,,,,
2017-08-11,BOPP,5.08,2.08,5.08,5.08,5.08,0,5.09,5.08,0,5.12,,,,,,,,,,,
2017-08-14,BOPP,5.09,2.08,5.08,5.08,5.09,0.01,5.09,5.09,2100,5.12,,,,,,,,,,,
2017-08-15,BOPP,5.12,2.08,5.09,5.09,5.12,0.03,5.13,5.12,300,,,,,,,,,,,,
2017-08-16,BOPP,5.28,2.08,5.12,5.12,5.21,0.09,5.25,5.28,600,5.3,,,,,,,,,,,
2017-08-17,BOPP,5.28,2.08,5.21,5.21,5.25,0.04,5.25,5.25,500,,,,,,,,,,,,
2017-08-18,BOPP,5.3,2.08,5.25,5.25,5.3,0.05,5.3,5.3,200,,,,,,,,,,,,
2017-08-21,BOPP,5.3,2.08,5.3,5.3,5.3,0,5.3,5.3,0,,,,,,,,,,,,
2017-08-22,BOPP,5.3,2.08,5.3,5.3,5.3,0,5.3,5.3,0,,,,,,,,,,,,
2017-08-23,BOPP,5.3,2.08,5.3,5.3,5.3,0,5.3,5.3,0,,,,,,,,,,,,
2017-08-24,BOPP,5.3,2.08,5.3,5.3,5.3,0,5.3,5.3,0,,,,,,,,,,,,
2017-08-25,BOPP,5.3,2.08,5.3,5.3,5.3,0,5.3,5.3,0,,,,,,,,,,,,
2017-08-28,BOPP,5.3,2.08,5.3,5.3,5.3,0,5.3,5.3,0,,,,,,,,,,,,
2017-08-29,BOPP,5.32,2.08,5.3,5.3,5.32,0.02,5.31,5.32,800,,,,,,,,,,,,
2017-08-30,BOPP,5.32,2.08,5.32,5.32,5.32,0,5.32,5.32,0,,,,,,,,,,,,
2017-08-31,BOPP,5.32,2.08,5.32,5.32,5.32,0,5.32,5.32,0,5.4,,,,,,,,,,,
2017-09-04,BOPP,5.36,2.08,5.32,5.32,5.35,0.03,5.36,5.36,2200,5.38,,,,,,,,,,,
2017-09-05,BOPP,5.46,2.08,5.35,5.35,5.41,0.06,5.45,5.46,1400,5.7,,,,,,,,,,,
2017-09-06,BOPP,5.46,2.08,5.41,5.41,5.42,0.01,5.42,5.42,300,,,,,,,,,,,,
2017-09-07,BOPP,5.46,2.08,5.42,5.41,5.42,0,5.42,5.42,0,,,,,,,,,,,,
2017-09-08,BOPP,5.46,2.08,5.42,5.42,5.42,0,5.42,5.42,0,,,,,,,,,,,,
2017-09-11,BOPP,5.46,2.08,5.42,5.42,5.42,0,5.45,5.42,0,5.7,,,,,,,,,,,
2017-09-12,BOPP,5.7,2.08,5.42,5.42,5.54,0.12,5.5,5.7,1100,,,,,,,,,,,,
2017-09-13,BOPP,5.7,2.08,5.54,5.54,5.58,0.04,5.58,5.58,300,,,,,,,,,,,,
2017-09-14,BOPP,5.7,2.08,5.58,5.58,5.61,0.03,5.6,5.61,700,,,,,,,,,,,,
2017-09-15,BOPP,5.7,2.08,5.61,5.61,5.61,0,5.61,5.61,0,5.63,,,,,,,,,,,
2017-09-18,BOPP,5.7,2.08,5.61,5.61,5.65,0.04,5.65,5.65,800,,,,,,,,,,,,
2017-09-19,BOPP,5.7,2.08,5.65,5.65,5.65,0,5.66,5.65,0,,,,,,,,,,,,
2017-09-20,BOPP,5.7,2.08,5.65,5.65,5.65,0,5.66,5.65,0,,,,,,,,,,,,
2017-09-22,BOPP,5.7,2.08,5.65,5.65,5.66,0.01,5.66,5.66,3600,,,,,,,,,,,,
2017-09-25,BOPP,5.7,2.08,5.66,5.66,5.66,0,5.72,5.66,0,6.5,,,,,,,,,,,
2017-09-26,BOPP,5.75,2.08,5.66,5.66,5.75,0.09,5.7,5.75,100,,,,,,,,,,,,
2017-09-27,BOPP,5.8,2.08,5.75,5.66,5.8,0.05,5.8,5.75,600,6,,,,,,,,,,,
2017-09-28,BOPP,5.8,2.08,5.8,5.66,5.8,0,,5.75,0,,,,,,,,,,,,
2017-09-29,BOPP,5.8,2.08,5.8,5.8,5.8,0,,5.75,0,,,,,,,,,,,,
2017-10-02,BOPP,5.8,2.08,5.8,5.8,5.8,0,,5.75,500,,,,,,,,,,,,
2017-10-03,BOPP,5.8,2.08,5.8,5.8,5.8,0,5.8,5.75,200,5.95,,,,,,,,,,,
2017-10-04,BOPP,5.8,2.08,5.8,5.8,5.8,0,5.8,5.75,0,5.9,,,,,,,,,,,
2017-10-05,BOPP,5.9,2.08,5.8,5.8,5.9,0.1,5.9,5.9,2900,,,,,,,,,,,,
2017-10-06,BOPP,5.9,2.08,5.9,5.9,5.9,0,5.9,5.9,0,,,,,,,,,,,,
2017-10-09,BOPP,5.9,2.08,5.9,5.9,5.9,0,5.9,5.9,800,,,,,,,,,,,,
2017-10-10,BOPP,5.9,2.08,5.9,5.9,5.9,0,,5.9,0,,,,,,,,,,,,
2017-10-11,BOPP,5.91,2.08,5.9,5.9,5.91,0.01,5.91,5.91,1700,,,,,,,,,,,,
2017-10-12,BOPP,5.91,2.08,5.91,5.91,5.91,0,5.92,5.91,0,,,,,,,,,,,,
2017-10-13,BOPP,5.91,2.08,5.91,5.91,5.91,0,5.91,5.91,0,,,,,,,,,,,,
2017-10-16,BOPP,5.91,2.08,5.91,5.91,5.91,0,5.91,5.91,0,,,,,,,,,,,,
2017-10-17,BOPP,5.92,2.08,5.91,5.91,5.92,0.01,5.92,5.92,900,,,,,,,,,,,,
2017-10-18,BOPP,5.92,2.08,5.92,5.92,5.92,0,5.92,5.92,0,6,,,,,,,,,,,
2017-10-19,BOPP,6,2.08,5.92,5.92,6,0.08,5.92,6,1600,,,,,,,,,,,,
2017-10-20,BOPP,6,2.08,6,6,6,0,,6,0,6,,,,,,,,,,,
2017-10-23,BOPP,6,2.08,6,6,6,0,,6,0,,,,,,,,,,,,
2017-10-24,BOPP,6,2.08,6,6,5.95,-0.05,5.95,5.95,200,,,,,,,,,,,,
2017-10-25,BOPP,6,2.08,5.95,5.95,5.96,0.01,5.96,5.96,300,,,,,,,,,,,,
2017-10-26,BOPP,6,2.08,5.96,5.96,6,0.04,6,6,3700,,,,,,,,,,,,
2017-10-27,BOPP,6,2.08,6,6,6,0,6,6,100,,,,,,,,,,,,
2017-10-30,BOPP,6,2.08,6,6,6,0,6,6,0,,,,,,,,,,,,
2017-10-31,BOPP,6,2.08,6,6,6,0,6,6,2600,,,,,,,,,,,,
2017-11-01,BOPP,6,2.08,6,6,6,0,6,6,200,,,,,,,,,,,,
2017-11-02,BOPP,6,2.08,6,6,6,0,,6,4000,,,,,,,,,,,,
2017-11-03,BOPP,6,2.08,6,6,6,0,,6,0,6.1,,,,,,,,,,,
2017-11-06,BOPP,6,2.08,6,6,6,0,5.9,6,100,6,,,,,,,,,,,
2017-11-07,BOPP,6.02,2.08,6,6,6.02,0.02,6,6.02,600,6.1,,,,,,,,,,,
2017-11-08,BOPP,6.02,2.08,6.02,6.02,6,-0.02,,6,700,6.1,,,,,,,,,,,
2017-11-09,BOPP,6.02,2.08,6,6,6,0,,6,100,6,,,,,,,,,,,
2017-11-10,BOPP,6.02,2.08,6,6,6,0,,6,0,6,,,,,,,,,,,
2017-11-13,BOPP,6.02,2.08,6,6,6.02,0.02,,6.02,200,6.02,,,,,,,,,,,
2017-11-14,BOPP,6.02,2.08,6.02,6.02,6.02,0,6.02,6.02,1100,6.05,,,,,,,,,,,
2017-11-15,BOPP,6.05,2.08,6.02,6.02,6.05,0.03,6.05,6.05,3200,6.1,,,,,,,,,,,
2017-11-16,BOPP,6.05,2.08,6.05,6.05,6.05,0,,6.05,0,6.05,,,,,,,,,,,
2017-11-17,BOPP,6.05,2.08,6.05,6.05,6.05,0,6.05,6.05,200,6.1,,,,,,,,,,,
2017-11-20,BOPP,6.05,2.08,6.05,6.05,6.05,0,,6.05,800,,,,,,,,,,,,
2017-11-21,BOPP,6.05,2.08,6.05,6.05,6.05,0,6,6.05,0,,,,,,,,,,,,
2017-11-22,BOPP,6.05,2.08,6.05,6.05,6.05,0,6.05,6.05,0,,,,,,,,,,,,
2017-11-23,BOPP,6.05,2.08,6.05,6.05,6.05,0,,6.05,0,,,,,,,,,,,,
2017-11-24,BOPP,6.05,2.08,6.05,6.05,6.05,0,6.05,6.05,1200,,,,,,,,,,,,
2017-11-27,BOPP,6.05,2.08,6.05,6.05,6.05,0,6.05,6.05,900,,,,,,,,,,,,
2017-11-28,BOPP,6.05,2.08,6.05,6.05,6.05,0,,6.05,0,,,,,,,,,,,,
2017-11-29,BOPP,6.05,2.08,6.05,6.05,6.05,0,6.05,6.05,0,,,,,,,,,,,,
2017-11-30,BOPP,6.05,2.08,6.05,6.05,6.05,0,,6.05,1300,6.05,,,,,,,,,,,
2017-12-04,BOPP,6.05,2.08,6.05,6.05,6.05,0,,6.05,0,,,,,,,,,,,,
2017-12-05,BOPP,6.1,2.08,6.05,6.05,6.1,0.05,6,6.1,3300,6.1,,,,,,,,,,,
2017-12-06,BOPP,6.1,2.08,6.1,6.1,6.1,0,,6.1,0,6.1,,,,,,,,,,,
2017-12-07,BOPP,6.1,2.08,6.1,6.1,6.1,0,,6.1,0,6.1,,,,,,,,,,,
2017-12-08,BOPP,6.1,2.08,6.1,6.1,6.1,0,,6.1,700,6.1,,,,,,,,,,,
2017-12-11,BOPP,6.1,2.08,6.1,6.1,6.1,0,,6.1,0,6.1,,,,,,,,,,,
2017-12-12,BOPP,6.1,2.08,6.1,6.1,6.1,0,,6.1,100,6.1,,,,,,,,,,,
2017-12-13,BOPP,6.1,2.08,6.1,6.1,6.1,0,6.1,6.1,16400,6.15,,,,,,,,,,,
2017-12-14,BOPP,6.1,2.08,6.1,6.1,6.1,0,6.1,6.1,100,,,,,,,,,,,,
2017-12-15,BOPP,6.1,2.08,6.1,6.1,6.1,0,,6.1,0,,,,,,,,,,,,
2017-12-18,BOPP,6.1,2.08,6.1,6.1,6.1,0,,6.1,0,,,,,,,,,,,,
2017-12-19,BOPP,6.1,2.08,6.1,6.1,6.1,0,,6.1,0,,,,,,,,,,,,
2017-12-20,BOPP,6.1,2.08,6.1,6.1,6.1,0,,6.1,0,,,,,,,,,,,,
2017-12-21,BOPP,6.1,2.08,6.1,6.1,6.1,0,,6.1,0,,,,,,,,,,,,
2017-12-21,BOPP,6.1,2.08,6.1,6.1,6.1,0,,6.1,100,,,,,,,,,,,,
2017-12-27,BOPP,6.1,2.08,6.1,6.1,6.1,0,,6.1,0,,,,,,,,,,,,
2017-12-28,BOPP,6.11,2.08,6.1,6.1,6.11,0.01,6.12,6.11,400,,,,,,,,,,,,
2017-12-29,BOPP,6.11,2.08,6.11,6.1,6.12,0.01,6.12,6.11,200,,,,,,,,,,,,
2018-01-02,BOPP,6.12,6.12,6.12,6.12,6.12,0,,6.11,0,,,,,,,,,,,,
2018-01-03,BOPP,6.12,6.12,6.12,6.12,6.12,0,6.13,6.11,0,,,,,,,,,,,,
2018-01-04,BOPP,6.15,6.12,6.12,6.12,6.14,0.02,6.15,6.15,500,,,,,,,,,,,,
2018-01-05,BOPP,6.15,6.12,6.14,6.12,6.14,0,6.17,6.15,0,,,,,,,,,,,,
2018-01-08,BOPP,6.15,6.12,6.14,6.14,6.14,0,6.21,6.15,0,,,,,,,,,,,,
2018-01-09,BOPP,6.15,6.12,6.14,6.14,6.15,0.01,6.15,6.15,300,,,,,,,,,,,,
2018-01-10,BOPP,6.21,6.12,6.15,6.15,6.21,0.06,6.23,6.21,5000,,,,,,,,,,,,
2018-01-11,BOPP,6.21,6.12,6.21,6.21,6.21,0,6.25,6.21,200,,,,,,,,,,,,
2018-01-12,BOPP,6.26,6.12,6.21,6.21,6.26,0.05,6.27,6.26,5000,,,,,,,,,,,,
2018-01-15,BOPP,6.3,6.12,6.26,6.26,6.3,0.04,6.3,6.3,1900,,,,,,,,,,,,
2018-01-16,BOPP,6.3,6.12,6.3,6.3,6.3,0,6.32,6.3,0,,,,,,,,,,,,
2018-01-17,BOPP,6.32,6.12,6.3,6.3,6.32,0.02,6.32,6.32,500,,,,,,,,,,,,
2018-01-18,BOPP,6.4,6.12,6.32,6.3,6.4,0.08,6.34,6.4,200,,,,,,,,,,,,
2018-01-19,BOPP,6.44,6.12,6.4,6.3,6.44,0.04,6.44,6.44,500,,,,,,,,,,,,
2018-01-22,BOPP,6.44,6.12,6.44,6.3,6.44,0,6.45,6.44,200,,,,,,,,,,,,
2018-01-23,BOPP,6.44,6.12,6.44,6.44,6.45,0.01,6.45,6.45,300,,,,,,,,,,,,
2018-01-24,BOPP,6.44,6.12,6.45,6.45,6.5,0.05,6.51,6.51,700,,,,,,,,,,,,
2018-01-25,BOPP,6.44,6.12,6.5,6.5,6.5,0,6.52,6.51,0,,,,,,,,,,,,
2018-01-26,BOPP,6.55,6.12,6.5,6.5,6.55,0.05,6.55,6.55,100,,,,,,,,,,,,
2018-01-29,BOPP,6.55,6.12,6.55,6.55,6.55,0,6.58,6.55,0,,,,,,,,,,,,
2018-01-30,BOPP,6.58,6.12,6.55,6.55,6.58,0.03,6.58,6.58,300,,,,,,,,,,,,
2018-01-31,BOPP,6.66,6.12,6.58,6.58,6.62,0.04,6.66,6.66,9200,,,,,,,,,,,,
2018-02-01,BOPP,6.66,6.12,6.62,6.62,6.62,0,6.66,6.66,0,,,,,,,,,,,,
2018-02-02,BOPP,6.66,6.12,6.62,6.62,6.65,0.03,6.63,6.65,400,,,,,,,,,,,,
2018-02-05,BOPP,6.7,6.12,6.65,6.65,6.7,0.05,6.7,6.7,5200,,,,,,,,,,,,
2018-02-06,BOPP,6.73,6.12,6.7,6.7,6.73,0.03,6.73,6.73,700,,,,,,,,,,,,
2018-02-07,BOPP,6.73,6.12,6.73,6.73,6.73,0,6.73,6.73,500,6.76,,,,,,,,,,,
2018-02-08,BOPP,6.74,6.12,6.73,6.73,6.74,0.01,6.74,6.74,700,,,,,,,,,,,,
2018-02-09,BOPP,6.75,6.12,6.74,6.74,6.75,0.01,6.75,6.75,700,6.76,,,,,,,,,,,
2018-02-12,BOPP,6.79,6.12,6.75,6.75,6.77,0.02,6.75,6.79,900,6.76,,,,,,,,,,,
2018-02-13,BOPP,6.79,6.12,6.77,6.77,6.78,0.01,6.78,6.78,1000,,,,,,,,,,,,
2018-02-14,BOPP,6.79,6.12,6.78,6.78,6.78,0,6.78,6.78,0,,,,,,,,,,,,
2018-02-15,BOPP,6.79,6.12,6.78,6.78,6.78,0,6.78,6.78,0,,,,,,,,,,,,
2018-02-16,BOPP,6.81,6.12,6.78,6.78,6.81,0.03,6.81,6.81,2400,,,,,,,,,,,,
2018-02-19,BOPP,6.84,6.12,6.81,6.81,6.84,0.03,6.84,6.84,2000,,,,,,,,,,,,
2018-02-20,BOPP,6.9,6.12,6.84,6.84,6.9,0.06,6.9,6.9,13300,,,,,,,,,,,,
2018-02-21,BOPP,6.9,6.12,6.9,6.9,6.9,0,6.9,6.9,100,7,,,,,,,,,,,
2018-02-22,BOPP,6.93,6.12,6.9,6.9,6.93,0.03,6.92,6.93,100,,,,,,,,,,,,
2018-02-23,BOPP,6.94,6.12,6.93,6.93,6.94,0.01,6.94,6.94,600,7,,,,,,,,,,,
2018-02-26,BOPP,6.95,6.12,6.94,6.94,6.95,0.01,6.95,6.95,100,7,,,,,,,,,,,
2018-02-27,BOPP,6.96,6.12,6.95,6.95,6.96,0.01,6.96,6.96,300,7.02,,,,,,,,,,,
2018-02-28,BOPP,6.97,6.12,6.96,6.96,6.97,0.01,6.97,6.97,300,,,,,,,,,,,,
2018-03-01,BOPP,6.97,6.12,6.97,6.97,6.97,0,6.98,6.97,0,,,,,,,,,,,,
2018-03-02,BOPP,6.97,6.12,6.97,6.97,6.97,0,6.97,6.97,500,,,,,,,,,,,,
2018-03-05,BOPP,7,6.12,6.97,6.97,6.99,0.02,7,7,400,,,,,,,,,,,,
2018-03-07,BOPP,7,6.12,6.99,6.99,7,0.01,7,7,200,,,,,,,,,,,,
2018-03-08,BOPP,7.02,6.12,7,7,7.02,0.02,7.05,7.02,300,,,,,,,,,,,,
2018-03-09,BOPP,7.02,6.12,7.02,7.02,7.02,0,7.03,7.02,200,,,,,,,,,,,,
2018-03-12,BOPP,7.02,6.12,7.02,7.02,7.02,0,7.03,7.02,0,,,,,,,,,,,,
2018-03-13,BOPP,7.07,6.12,7.02,7.02,7.06,0.04,7.06,7.07,400,,,,,,,,,,,,
2018-03-14,BOPP,7.07,6.12,7.06,7.06,7.07,0.01,7.07,7.07,700,,,,,,,,,,,,
2018-03-15,BOPP,7.08,6.12,7.07,7.07,7.08,0.01,7.1,7.08,300,,,,,,,,,,,,
2018-03-16,BOPP,7.08,6.12,7.08,7.08,7.08,0,7.12,7.08,0,,,,,,,,,,,,
2018-03-19,BOPP,7.08,6.12,7.08,7.08,7.08,0,7.11,7.08,0,,,,,,,,,,,,
2018-03-20,BOPP,7.11,6.12,7.08,7.08,7.11,0.03,7.11,7.11,200,,,,,,,,,,,,
2018-03-21,BOPP,7.15,6.12,7.11,7.11,7.15,0.04,7.15,7.15,300,,,,,,,,,,,,
2018-03-22,BOPP,7.15,6.12,7.15,7.15,7.15,0,7.2,7.15,0,,,,,,,,,,,,
2018-03-23,BOPP,7.15,6.12,7.15,7.15,7.15,0,7.17,7.15,0,7.2,,,,,,,,,,,
2018-03-26,BOPP,7.17,6.12,7.15,7.15,7.17,0.02,7.17,7.17,200,7.2,,,,,,,,,,,
2018-03-27,BOPP,7.17,6.12,7.17,7.17,7.17,0,7.17,7.17,0,,,,,,,,,,,,
2018-03-28,BOPP,7.17,6.12,7.17,7.17,7.17,0,7.17,7.17,0,,,,,,,,,,,,
2018-03-29,BOPP,7.17,6.12,7.17,7.17,7.17,0,,7.17,2100,,,,,,,,,,,,
2018-04-03,BOPP,7.17,6.12,7.17,7.17,7.17,0,,7.17,100,7.17,,,,,,,,,,,
2018-04-04,BOPP,7.17,6.12,7.17,7.17,7.17,0,7.17,7.17,0,,,,,,,,,,,,
2018-04-05,BOPP,7.17,6.12,7.17,7.17,7.17,0,,7.17,100,7.17,,,,,,,,,,,
2018-04-06,BOPP,7.17,6.12,7.17,7.17,7.17,0,,7.17,0,,,,,,,,,,,,
2018-04-09,BOPP,7.18,6.12,7.17,7.17,7.18,0.01,7.18,7.18,900,,,,,,,,,,,,
2018-04-10,BOPP,7.18,6.12,7.18,7.18,7.18,0,7.18,7.18,0,,,,,,,,,,,,
2018-04-11,BOPP,7.18,6.12,7.18,7.18,7.18,0,7.18,7.18,0,,,,,,,,,,,,
2018-04-12,BOPP,7.18,6.12,7.18,7.18,7.18,0,7.18,7.18,0,,,,,,,,,,,,
2018-04-13,BOPP,7.18,6.12,7.18,7.18,7.18,0,7.18,7.18,600,,,,,,,,,,,,
2018-04-16,BOPP,7.18,6.12,7.18,7.18,7.18,0,,7.18,100,,,,,,,,,,,,
2018-04-17,BOPP,7.18,6.12,7.18,7.18,7.18,0,,7.18,0,7.18,,,,,,,,,,,
2018-04-18,BOPP,7.18,6.12,7.18,7.18,7.18,0,,7.18,0,7.18,,,,,,,,,,,
2018-04-19,BOPP,7.18,6.12,7.18,7.18,7.18,0,,7.18,100,,,,,,,,,,,,
2018-04-20,BOPP,7.18,6.12,7.18,7.18,7.18,0,,7.18,0,,,,,,,,,,,,
2018-04-23,BOPP,7.18,6.12,7.18,7.18,7.18,0,7.18,7.18,100,,,,,,,,,,,,
2018-04-24,BOPP,7.2,6.12,7.18,7.18,7.19,0.01,7.18,7.2,200,,,,,,,,,,,,
2018-04-25,BOPP,7.2,6.12,7.18,7.18,7.19,0.01,7.19,7.2,100,,,,,,,,,,,,
2018-04-26,BOPP,7.2,6.12,7.19,7.19,7.19,0,7.19,7.2,0,,,,,,,,,,,,
2018-04-27,BOPP,7.2,6.12,7.19,7.19,7.19,0,7.19,7.2,12000,,,,,,,,,,,,
2018-04-30,BOPP,7.2,6.12,7.19,7.19,7.19,0,,7.2,100,,,,,,,,,,,,
2018-05-02,BOPP,7.2,6.12,7.19,7.19,7.19,0,,7.2,0,,,,,,,,,,,,
2018-05-03,BOPP,7.2,6.12,7.19,7.19,7.19,0,,7.2,0,7.19,,,,,,,,,,,
2018-05-04,BOPP,7.2,6.12,7.19,7.19,7.19,0,7.19,7.2,500,,,,,,,,,,,,
2018-05-07,BOPP,7.25,6.12,7.19,7.19,7.24,0.05,,7.25,9100,,,,,,,,,,,,
2018-05-08,BOPP,7.25,6.12,7.24,7.24,7.24,0,,7.25,0,7.24,,,,,,,,,,,
2018-05-09,BOPP,7.25,6.12,7.24,7.24,7.24,0,,7.25,700,7.3,,,,,,,,,,,
2018-05-10,BOPP,7.25,6.12,7.24,7.24,7.24,0,,7.25,0,7.3,,,,,,,,,,,
2018-05-11,BOPP,7.25,6.12,7.24,7.24,7.23,-0.01,7.23,7.23,500,7.24,,,,,,,,,,,
2018-05-14,BOPP,7.25,6.12,7.23,7.23,7.23,0,,7.23,0,7.23,,,,,,,,,,,
2018-05-15,BOPP,7.25,6.12,7.23,7.23,7.23,0,,7.23,1200,,,,,,,,,,,,
2018-05-16,BOPP,7.25,6.12,7.23,7.23,7.23,0,7.23,7.23,100,,,,,,,,,,,,
2018-05-17,BOPP,7.25,6.12,7.23,7.23,7.23,0,7.23,7.23,1000,,,,,,,,,,,,
2018-05-18,BOPP,7.25,6.12,7.23,7.23,7.23,0,7.23,7.23,100,,,,,,,,,,,,
2018-05-21,BOPP,7.25,6.12,7.23,7.23,7.23,0,7.23,7.23,0,,,,,,,,,,,,
2018-05-22,BOPP,7.25,6.12,7.23,7.23,7.23,0,7.23,7.23,0,,,,,,,,,,,,
2018-05-23,BOPP,7.25,6.12,7.23,7.23,7.24,0.01,7.23,7.24,100,7.24,,,,,,,,,,,
2018-05-24,BOPP,7.25,6.12,7.24,7.24,7.24,0,7.24,7.24,0,7.3,,,,,,,,,,,
2018-05-28,BOPP,7.25,6.12,7.24,7.24,7.24,0,7.24,7.24,1200,,,,,,,,,,,,
2018-05-29,BOPP,7.26,6.12,7.24,7.24,7.26,0.02,7.25,7.26,3000,,,,,,,,,,,,
2018-05-30,BOPP,7.27,6.12,7.26,7.26,7.27,0.01,7.27,7.27,100,7.5,,,,,,,,,,,
2018-05-31,BOPP,7.27,6.12,7.27,7.27,7.27,0,7.27,7.27,500,7.3,,,,,,,,,,,
2018-06-01,BOPP,7.27,6.12,7.27,7.27,7.27,0,7.27,7.27,100,7.32,,,,,,,,,,,
2018-06-04,BOPP,7.28,6.12,7.27,7.27,7.28,0.01,7.28,7.28,200,7.3,,,,,,,,,,,
2018-06-05,BOPP,7.29,6.12,7.28,7.29,7.29,0.01,7.28,7.29,800,,,,,,,,,,,,
2018-06-06,BOPP,7.29,6.12,7.29,7.29,7.29,0,7.29,7.29,0,7.32,,,,,,,,,,,
2018-06-07,BOPP,7.29,6.12,7.29,7.29,7.29,0,7.29,7.29,1800,,,,,,,,,,,,
2018-06-08,BOPP,7.29,6.12,7.29,7.29,7.29,0,,7.29,3900,,,,,,,,,,,,
2018-06-11,BOPP,7.29,6.12,7.29,7.29,7.29,0,,7.29,900,,,,,,,,,,,,
2018-06-12,BOPP,7.29,6.12,7.29,7.29,7.29,0,7.29,7.29,300,7.35,,,,,,,,,,,
2018-06-13,BOPP,7.29,6.12,7.29,7.29,7.29,0,,7.29,0,,,,,,,,,,,,
2018-06-14,BOPP,7.29,6.12,7.29,7.29,7.29,0,7.29,7.29,1600,,,,,,,,,,,,
2018-06-18,BOPP,7.29,6.12,7.29,7.29,7.29,0,,7.29,0,7.29,,,,,,,,,,,
2018-06-19,BOPP,7.29,6.12,7.29,7.29,7.29,0,,7.29,1200,7.29,,,,,,,,,,,
2018-06-20,BOPP,7.29,6.12,7.29,7.29,7.29,0,,7.29,1200,7.29,,,,,,,,,,,
2018-06-21,BOPP,7.29,6.12,7.29,7.29,7.29,0,,7.29,0,7.29,,,,,,,,,,,
2018-06-22,BOPP,7.29,6.12,7.29,7.29,7.29,0,,7.29,0,7.29,,,,,,,,,,,
2018-06-25,BOPP,7.29,6.12,7.29,7.29,7.29,0,,7.29,100,7.29,,,,,,,,,,,
2018-06-26,BOPP,7.29,6.12,7.29,7.29,7.29,0,,7.29,0,7.29,,,,,,,,,,,
2018-06-27,BOPP,7.29,6.12,7.29,7.29,7.29,0,,7.29,0,7.29,,,,,,,,,,,
2018-06-28,BOPP,7.29,6.12,7.29,7.29,7.29,0,,7.29,0,7.29,,,,,,,,,,,
2018-06-29,BOPP,7.29,6.12,7.29,7.29,7.29,0,,7.29,0,7.29,,,,,,,,,,,
2018-07-03,BOPP,7.29,6.12,7.29,7.29,7.29,0,,7.29,100,7.28,,,,,,,,,,,
2018-07-04,BOPP,7.29,6.12,7.29,7.29,7.29,0,,7.29,0,7.28,,,,,,,,,,,
2018-07-05,BOPP,7.29,6.12,7.29,7.29,7.29,0,,7.29,0,7.29,,,,,,,,,,,
2018-07-06,BOPP,7.29,6.12,7.29,7.29,7.29,0,,7.29,0,7.28,,,,,,,,,,,
2018-07-09,BOPP,7.29,6.12,7.29,7.29,7.29,0,,7.29,0,7.29,,,,,,,,,,,
2018-07-10,BOPP,7.29,6.12,7.29,7.29,7.29,0,7.29,7.29,4200,,,,,,,,,,,,
2018-07-11,BOPP,7.29,6.12,7.29,7.29,7.29,0,,7.29,5800,,,,,,,,,,,,
2018-07-12,BOPP,7.29,6.12,7.29,7.29,7.29,0,7.29,7.29,0,,,,,,,,,,,,
2018-07-13,BOPP,7.29,6.12,7.29,7.29,7.29,0,,7.29,5500,7.29,,,,,,,,,,,
2018-07-16,BOPP,7.29,6.12,7.29,7.29,7.29,0,,7.29,0,,,,,,,,,,,,
2018-07-17,BOPP,7.29,6.12,7.29,7.29,7.29,0,,7.29,0,7.29,,,,,,,,,,,
2018-07-18,BOPP,7.29,6.12,7.29,7.29,7.29,0,,7.29,0,7.29,,,,,,,,,,,
2018-07-19,BOPP,7.29,6.12,7.29,7.29,7.29,0,,7.29,0,7.29,,,,,,,,,,,
2018-07-20,BOPP,7.29,6.12,7.29,7.29,7.29,0,,7.29,0,7.29,,,,,,,,,,,
2018-07-23,BOPP,7.29,6.12,7.29,7.29,7.29,0,,7.29,0,7.29,,,,,,,,,,,
2018-07-24,BOPP,7.29,6.12,7.29,7.29,7.29,0,,7.29,200,7.29,,,,,,,,,,,
2018-07-25,BOPP,7.29,6.12,7.29,7.29,7.25,-0.04,,7.25,1000,7.29,,,,,,,,,,,
2018-07-26,BOPP,7.29,6.12,7.25,7.25,7.25,0,,7.25,0,7.25,,,,,,,,,,,
2018-07-27,BOPP,7.29,6.12,7.25,7.25,7.25,0,,7.25,0,7.24,,,,,,,,,,,
2018-07-30,BOPP,7.29,6.12,7.25,7.25,7.25,0,,7.25,0,7.25,,,,,,,,,,,
2018-07-31,BOPP,7.29,6.12,7.25,7.25,7.24,-0.01,,7.24,600,7.24,,,,,,,,,,,
2018-08-01,BOPP,7.29,6.12,7.24,7.24,7.24,0,,7.24,2500,7.23,,,,,,,,,,,
2018-08-02,BOPP,7.29,6.12,7.24,7.24,7.24,0,,7.24,0,7.24,,,,,,,,,,,
2018-08-03,BOPP,7.29,6.12,7.24,7.24,7.24,0,,7.24,0,7.23,,,,,,,,,,,
2018-08-06,BOPP,7.29,6.12,7.24,7.24,7.24,0,,7.24,0,,,,,,,,,,,,
2018-08-07,BOPP,7.29,6.12,7.24,7.24,7.24,0,,7.24,0,7.24,,,,,,,,,,,
2018-08-08,BOPP,7.29,6.12,7.24,7.24,7.24,0,,7.24,0,7.24,,,,,,,,,,,
2018-08-09,BOPP,7.29,6.12,7.24,7.24,7.24,0,,7.24,0,7.24,,,,,,,,,,,
2018-08-10,BOPP,7.29,6.12,7.24,7.24,7.24,0,,7.24,300,7.24,,,,,,,,,,,
2018-08-13,BOPP,7.29,6.12,7.24,7.24,7.24,0,,7.24,0,,,,,,,,,,,,
2018-08-14,BOPP,7.29,6.12,7.24,7.24,7.24,0,,7.24,0,7.24,,,,,,,,,,,
2018-08-15,BOPP,7.29,6.12,7.24,7.24,7.24,0,,7.24,0,7.24,,,,,,,,,,,
2018-08-16,BOPP,7.29,6.12,7.24,7.24,7.24,0,7,7.24,0,7.24,,,,,,,,,,,
2018-08-17,BOPP,7.29,6.12,7.24,7.24,7.24,0,7.24,7.24,2100,,,,,,,,,,,,
2018-08-20,BOPP,7.29,6.12,7.24,7.24,7.24,0,,7.24,2900,7.24,,,,,,,,,,,
2018-08-22,BOPP,7.29,6.12,7.24,7.24,7.24,0,6.16,7.24,0,7.23,,,,,,,,,,,
2018-08-23,BOPP,7.29,6.12,7.24,7.24,7.24,0,6.16,7.24,0,7.24,,,,,,,,,,,
2018-08-24,BOPP,7.29,6.12,7.24,7.24,7.24,0,6.16,7.24,0,7.23,,,,,,,,,,,
2018-08-27,BOPP,7.29,6.12,7.24,7.24,7.24,0,6.16,7.24,0,7.24,,,,,,,,,,,
2018-08-28,BOPP,7.29,6.12,7.24,7.24,7.24,0,,7.24,0,7.24,,,,,,,,,,,
2018-08-29,BOPP,7.29,6.12,7.24,7.24,7.24,0,6.16,7.24,0,7.2,,,,,,,,,,,
2018-08-30,BOPP,7.29,6.12,7.24,7.24,7.24,0,6.16,7.24,0,7.2,,,,,,,,,,,
2018-08-31,BOPP,7.29,6.12,7.24,7.24,7.24,0,6.16,7.24,0,7.24,,,,,,,,,,,
2018-09-03,BOPP,7.29,6.12,7.24,7.24,7.24,0,6.16,7.24,0,7.2,,,,,,,,,,,
2018-09-04,BOPP,7.29,6.12,7.24,7.24,7.24,0,7,7.24,0,7.15,,,,,,,,,,,
2018-09-05,BOPP,7.29,6.12,7.24,7.24,7.24,0,6.16,7.24,0,7.15,,,,,,,,,,,
2018-09-06,BOPP,7.29,6.12,7.24,7.24,7.24,0,6.16,7.24,0,7.14,,,,,,,,,,,
2018-09-07,BOPP,7.29,6.12,7.24,7.24,7,-0.24,6.16,7,300,7.1,,,,,,,,,,,
2018-09-10,BOPP,7.29,6.12,7,7,7,0,5.95,7,0,7,,,,,,,,,,,
2018-09-11,BOPP,7.29,6.12,7,7,7,0,5.95,7,0,6.98,,,,,,,,,,,
2018-09-12,BOPP,7.29,6.12,7,7,7,0,5.95,7,0,7,,,,,,,,,,,
2018-09-13,BOPP,7.29,6.12,7,7,7,0,5.95,7,0,7,,,,,,,,,,,
2018-09-14,BOPP,7.29,6.12,7,7,7,0,5.95,7,0,7,,,,,,,,,,,
2018-09-17,BOPP,7.29,6.12,7,7,7,0,5.95,7,0,6.99,,,,,,,,,,,
2018-09-18,BOPP,7.29,6.12,7,7,7,0,5.95,7,0,6.99,,,,,,,,,,,
2018-09-19,BOPP,7.29,6.12,7,7,7,0,5.95,7,0,7,,,,,,,,,,,
2018-09-20,BOPP,7.29,6.12,7,7,7,0,5.95,7,0,7,,,,,,,,,,,
2018-09-24,BOPP,7.29,6.12,7,7,7,0,5.35,7,0,6.99,,,,,,,,,,,
2018-09-25,BOPP,7.29,6.12,7,7,7,0,5.95,7,0,6.99,,,,,,,,,,,
2018-09-26,BOPP,7.29,6.12,7,7,7,0,5.95,7,0,6.97,,,,,,,,,,,
2018-09-27,BOPP,7.29,6.12,7,7,6.37,-0.63,5.95,6.99,500,6.99,,,,,,,,,,,
2018-09-28,BOPP,7.29,6.12,6.37,6.37,6.37,0,,6.99,0,6.37,,,,,,,,,,,
2018-10-01,BOPP,7.29,6.12,6.37,6.37,6.37,0,,6.99,900,6.37,,,,,,,,,,,
2018-10-02,BOPP,7.29,6.12,6.37,6.37,6.37,0,5.45,6.99,0,6.35,,,,,,,,,,,
2018-10-03,BOPP,7.29,6.12,6.37,6.37,6.37,0,5.45,6.99,0,6.3,,,,,,,,,,,
2018-10-04,BOPP,7.29,6.12,6.37,6.37,6.37,0,5.45,6.99,0,6.3,,,,,,,,,,,
2018-10-05,BOPP,7.29,6.12,6.37,6.37,6.37,0,5.45,6.99,0,6.37,,,,,,,,,,,
2018-10-08,BOPP,7.29,6.12,6.37,6.37,6.37,0,,6.99,0,6.37,,,,,,,,,,,
2018-10-09,BOPP,7.29,6.12,6.37,6.37,6.35,-0.02,,6.35,100,6.36,,,,,,,,,,,
2018-10-10,BOPP,7.29,6.12,6.35,6.35,6.35,0,,6.35,0,6.34,,,,,,,,,,,
2018-10-11,BOPP,7.29,6.12,6.35,6.35,6.35,0,,6.35,0,6.33,,,,,,,,,,,
2018-10-12,BOPP,7.29,5.45,6.35,6.35,5.45,-0.9,,5.45,700,5.45,,,,,,,,,,,
2018-10-15,BOPP,7.29,5.45,5.45,5.45,5.45,0,4.65,5.45,50500,5.45,,,,,,,,,,,
2018-10-16,BOPP,7.29,5.45,5.45,5.45,5.45,0,4.65,5.45,0,5.8,,,,,,,,,,,
2018-10-17,BOPP,7.29,5.45,5.45,5.45,5.45,0,4.65,5.45,0,,,,,,,,,,,,
2018-10-18,BOPP,7.29,5.45,5.45,5.45,5.45,0,4.65,5.45,100,5.45,,,,,,,,,,,
2018-10-19,BOPP,7.29,5.45,5.45,5.45,5.45,0,4.65,5.45,0,5.45,,,,,,,,,,,
2018-10-22,BOPP,7.29,5.45,5.45,5.45,5.45,0,4.65,5.45,0,5.45,,,,,,,,,,,
2018-10-23,BOPP,7.29,5.4,5.45,5.45,5.4,-0.05,5.4,5.4,800,,,,,,,,,,,,
2018-10-24,BOPP,7.29,5.4,5.4,5.4,5.4,0,5.4,5.4,0,,,,,,,,,,,,
2018-10-24,BOPP,7.29,5.4,5.4,5.4,5.4,0,5.4,5.4,0,,,,,,,,,,,,
2018-10-26,BOPP,7.29,5.4,5.4,5.4,5.45,0.05,5.4,5.45,1000,5.45,,,,,,,,,,,
2018-10-29,BOPP,7.29,5.4,5.45,5.45,5.45,0,4.65,5.45,100,5.45,,,,,,,,,,,
2018-10-30,BOPP,7.29,5.4,5.45,5.45,5.45,0,,5.45,1000,5.45,,,,,,,,,,,
2018-10-31,BOPP,7.29,5.4,5.45,5.45,5.45,0,,5.45,0,5.1,,,,,,,,,,,
2018-11-01,BOPP,7.29,5.1,5.45,5.45,5.1,-0.35,,5.1,200,5.1,,,,,,,,,,,
2018-11-02,BOPP,7.29,5.1,5.1,5.1,5.1,0,,5.1,0,5.1,,,,,,,,,,,
2018-11-05,BOPP,7.29,5.1,5.1,5.1,5.1,0,,5.1,0,,,,,,,,,,,,
2018-11-06,BOPP,7.29,5.1,5.1,5.1,5.1,0,4.35,5.1,200,5.35,,,,,,,,,,,
2018-11-07,BOPP,7.29,5.1,5.1,5.1,5.1,0,,5.1,0,,,,,,,,,,,,
2018-11-08,BOPP,7.29,5.1,5.1,5.1,5.1,0,,5.1,0,5.35,,,,,,,,,,,
2018-11-09,BOPP,7.29,5.1,5.1,5.1,5.1,0,,5.1,0,,,,,,,,,,,,
2018-11-12,BOPP,7.29,5.1,5.1,5.1,5.1,0,,5.1,0,5.1,,,,,,,,,,,
2018-11-13,BOPP,7.29,5.1,5.1,5.1,5.1,0,,5.1,0,5.2,,,,,,,,,,,
2018-11-14,BOPP,7.29,5.1,5.1,5.1,5.1,0,,5.1,0,5.14,,,,,,,,,,,
2018-11-15,BOPP,7.29,5.1,5.1,5.1,5.1,0,,5.1,0,5.14,,,,,,,,,,,
2018-11-16,BOPP,7.29,5.1,5.1,5.1,5.1,0,,5.1,9300,5.09,,,,,,,,,,,
2018-11-19,BOPP,7.29,5.1,5.1,5.1,5.1,0,,5.1,0,5.1,,,,,,,,,,,
2018-11-20,BOPP,7.29,5.1,5.1,5.1,5.1,0,,5.1,0,5.1,,,,,,,,,,,
2018-11-21,BOPP,7.29,5.1,5.1,5.1,5.1,0,,5.1,200,5.1,,,,,,,,,,,
2018-11-22,BOPP,7.29,5.1,5.1,5.1,5.1,0,,5.1,200,5.1,,,,,,,,,,,
2018-11-23,BOPP,7.29,5.1,5.1,5.1,5.1,0,,5.1,0,5.1,,,,,,,,,,,
2018-11-26,BOPP,7.29,5.1,5.1,5.1,5.1,0,,5.1,0,5.1,,,,,,,,,,,
2018-11-27,BOPP,7.29,5.1,5.1,5.1,5.1,0,,5.1,0,5.1,,,,,,,,,,,
2018-11-28,BOPP,7.29,5.1,5.1,5.1,5.1,0,,5.1,0,5.1,,,,,,,,,,,
2018-11-29,BOPP,7.29,5.1,5.1,5.1,5.1,0,4.35,5.1,0,5.1,,,,,,,,,,,
2018-11-30,BOPP,7.29,5.1,5.1,5.1,5.1,0,4.35,5.1,0,5.1,,,,,,,,,,,
2018-12-03,BOPP,7.29,5.1,5.1,5.1,5.1,0,4.35,5.1,0,5.1,,,,,,,,,,,
2018-12-04,BOPP,7.29,5.1,5.1,5.1,5.1,0,4.35,5.1,0,5.1,,,,,,,,,,,
2018-12-05,BOPP,7.29,5.1,5.1,5.1,5.1,0,4.35,5.1,100,5.1,,,,,,,,,,,
2018-12-06,BOPP,7.29,5.1,5.1,5.1,5.1,0,4.35,5.1,0,5.1,,,,,,,,,,,
2018-12-10,BOPP,7.29,5.1,5.1,5.1,5.1,0,4.35,5.1,0,5.1,,,,,,,,,,,
2018-12-11,BOPP,7.29,5.1,5.1,5.1,5.1,0,4.35,5.1,0,5.1,,,,,,,,,,,
2018-12-12,BOPP,7.29,5.1,5.1,5.1,5.1,0,4.35,5.1,0,5.1,,,,,,,,,,,
2018-12-13,BOPP,7.29,5.1,5.1,5.1,5.1,0,4.35,5.1,0,5.08,,,,,,,,,,,
2018-12-14,BOPP,7.29,5.1,5.1,5.1,5.1,0,4.35,5.1,0,5.1,,,,,,,,,,,
2018-12-17,BOPP,7.29,5.1,5.1,5.1,5.1,0,4.35,5.1,0,5.1,,,,,,,,,,,
2018-12-18,BOPP,7.29,5.1,5.1,5.1,5.1,0,4.35,5.1,0,5,,,,,,,,,,,
2018-12-19,BOPP,7.29,5.1,5.1,5.1,5.1,0,4.35,5.1,0,5,,,,,,,,,,,
2018-12-20,BOPP,7.29,5.1,5.1,5.1,5.1,0,4.35,5.1,0,5,,,,,,,,,,,
2018-12-21,BOPP,7.29,5.1,5.1,5.1,5.1,0,4.35,5.1,0,5,,,,,,,,,,,
2018-12-24,BOPP,7.29,5.1,5.1,5.1,5.1,0,4.35,5.1,0,5,,,,,,,,,,,
2018-12-27,BOPP,7.29,5.09,5.1,5.1,5.09,-0.01,4.35,5.09,300,5.09,,,,,,,,,,,
2018-12-28,BOPP,7.29,5.09,5.09,5.09,5.09,0,4.35,5.09,0,5.07,,,,,,,,,,,
2018-12-31,BOPP,7.29,5.09,5.09,5.09,5.09,0,4.35,5.09,0,"5.08""Date",Share Code,Year High (GHS),Year Low (GHS),Previous Closing Price VWAP (GHS),Opening Price (GHS),Closing Price VWAP (GHS),Price Change (GHS),Closing Bid Price (GHS),Last Transaction Price (GHS),Total Shares Traded,Closing Offer Price (GHS)
2017-01-03,GCB,3.6,3.6,3.56,3.56,3.6,0.04,3.6,3.6,3800,,,,,,,,,,,,
2017-01-04,GCB,3.61,3.6,3.6,3.6,3.61,0.01,3.61,3.61,500,,,,,,,,,,,,
2017-01-05,GCB,3.62,3.6,3.61,3.61,3.62,0.01,3.61,3.62,100,,,,,,,,,,,,
2017-01-06,GCB,3.63,3.6,3.62,3.62,3.63,0.01,3.62,3.63,1100,,,,,,,,,,,,
2017-01-09,GCB,3.65,3.6,3.63,3.63,3.65,0.02,3.65,3.65,100,,,,,,,,,,,,
2017-01-10,GCB,3.66,3.6,3.65,3.65,3.66,0.01,3.66,3.66,200,,,,,,,,,,,,
2017-01-11,GCB,3.66,3.6,3.66,3.66,3.66,0,3.66,3.66,1100,,,,,,,,,,,,
2017-01-12,GCB,3.66,3.6,3.66,3.66,3.66,0,3.67,3.66,0,,,,,,,,,,,,
2017-01-13,GCB,3.67,3.6,3.66,3.66,3.67,0.01,3.67,3.67,11200,,,,,,,,,,,,
2017-01-16,GCB,3.67,3.6,3.67,3.67,3.67,0,3.69,3.67,100,,,,,,,,,,,,
2017-01-17,GCB,3.69,3.6,3.67,3.67,3.69,0.02,3.69,3.69,2800,,,,,,,,,,,,
2017-01-18,GCB,3.69,3.6,3.69,3.69,3.69,0,3.69,3.69,0,,,,,,,,,,,,
2017-01-19,GCB,3.69,3.6,3.69,3.69,3.69,0,3.69,3.69,0,,,,,,,,,,,,
2017-01-20,GCB,3.9,3.6,3.69,3.69,3.8,0.11,3.81,3.9,14500,,,,,,,,,,,,
2017-01-23,GCB,3.9,3.6,3.8,3.8,3.8,0,3.8,3.9,1100,,,,,,,,,,,,
2017-01-24,GCB,3.9,3.6,3.8,3.8,3.85,0.05,3.86,3.85,6000,,,,,,,,,,,,
2017-01-25,GCB,3.9,3.6,3.85,3.85,3.88,0.03,3.86,3.88,700,3.88,,,,,,,,,,,
2017-01-26,GCB,3.9,3.6,3.88,3.88,3.9,0.02,3.91,3.9,7300,3.95,,,,,,,,,,,
2017-01-27,GCB,3.92,3.6,3.9,3.9,3.92,0.02,3.92,3.92,1600,,,,,,,,,,,,
2017-01-30,GCB,3.98,3.6,3.92,3.92,3.97,0.05,3.98,3.98,1300,,,,,,,,,,,,
2017-01-31,GCB,3.98,3.6,3.97,3.97,3.98,0.01,4.02,3.98,1200,,,,,,,,,,,,
2017-02-01,GCB,4.15,3.6,3.98,3.98,4.14,0.16,4.15,4.15,135600,,,,,,,,,,,,
2017-02-02,GCB,4.15,3.6,4.14,4.14,4.14,0,4.16,4.15,0,,,,,,,,,,,,
2017-02-03,GCB,4.19,3.6,4.14,4.14,4.19,0.05,4.19,4.19,5500,,,,,,,,,,,,
2017-02-06,GCB,4.21,3.6,4.19,4.19,4.2,0.01,4.2,4.21,700,,,,,,,,,,,,
2017-02-07,GCB,4.22,3.6,4.2,4.2,4.22,0.02,4.24,4.22,1500,,,,,,,,,,,,
2017-02-08,GCB,4.25,3.6,4.22,4.22,4.24,0.02,4.25,4.25,2100,,,,,,,,,,,,
2017-02-09,GCB,4.3,3.6,4.24,4.24,4.28,0.04,4.32,4.3,6100,,,,,,,,,,,,
2017-02-10,GCB,4.33,3.6,4.28,4.28,4.33,0.05,4.35,4.33,6400,4.5,,,,,,,,,,,
2017-02-13,GCB,4.38,3.6,4.33,4.28,4.38,0.05,4.39,4.33,1000,,,,,,,,,,,,
2017-02-14,GCB,4.38,3.6,4.38,4.28,4.38,0,4.36,4.33,0,,,,,,,,,,,,
2017-02-15,GCB,4.39,3.6,4.38,4.38,4.39,0.01,4.41,4.39,2100,,,,,,,,,,,,
2017-02-16,GCB,4.4,3.6,4.39,4.39,4.4,0.01,4.4,4.4,1300,4.6,,,,,,,,,,,
2017-02-17,GCB,4.4,3.6,4.4,4.4,4.4,0,4.42,4.4,0,4.6,,,,,,,,,,,
2017-02-20,GCB,4.5,3.6,4.4,4.4,4.43,0.03,4.44,4.44,2800,4.6,,,,,,,,,,,
2017-02-21,GCB,4.6,3.6,4.43,4.43,4.6,0.17,4.6,4.6,1200,,,,,,,,,,,,
2017-02-22,GCB,5,3.6,4.6,4.6,4.9,0.3,4.44,5,11900,5,,,,,,,,,,,
2017-02-23,GCB,5,3.6,4.9,4.6,4.88,-0.02,4.45,5,10600,,,,,,,,,,,,
2017-02-24,GCB,5,3.6,4.88,4.6,4.88,0,4.88,4.88,400,4.9,,,,,,,,,,,
2017-02-27,GCB,5,3.6,4.88,4.88,4.88,0,4.88,4.88,23900,4.9,,,,,,,,,,,
2017-02-28,GCB,5,3.6,4.88,4.88,4.88,0,4.5,4.88,1000,4.88,,,,,,,,,,,
2017-03-01,GCB,5,3.6,4.88,4.88,4.88,0,4.88,4.88,2000,4.9,,,,,,,,,,,
2017-03-02,GCB,5,3.6,4.88,4.88,4.88,0,4.88,4.88,9500,,,,,,,,,,,,
2017-03-03,GCB,5,3.6,4.88,4.88,4.89,0.01,4.88,4.89,600,5,,,,,,,,,,,
2017-03-07,GCB,5,3.6,4.89,4.89,4.89,0,4.89,4.89,3800,4.9,,,,,,,,,,,
2017-03-08,GCB,5,3.6,4.89,4.89,4.9,0.01,4.88,4.88,402200,,,,,,,,,,,,
2017-03-09,GCB,5,3.6,4.9,4.9,4.9,0,4.88,4.88,200,4.9,,,,,,,,,,,
2017-03-10,GCB,5,3.6,4.9,4.9,4.91,0.01,4.9,4.91,700,4.91,,,,,,,,,,,
2017-03-13,GCB,5,3.6,4.91,4.91,4.91,0,4.91,4.91,1500,4.95,,,,,,,,,,,
2017-03-14,GCB,5,3.6,4.91,4.91,4.91,0,4.91,4.91,900,4.95,,,,,,,,,,,
2017-03-15,GCB,5,3.6,4.91,4.91,4.92,0.01,4.92,4.92,2400,5.3,,,,,,,,,,,
2017-03-16,GCB,5,3.6,4.92,4.92,4.96,0.04,4.96,4.96,3400,5,,,,,,,,,,,
2017-03-17,GCB,5,3.6,4.96,4.96,5,0.04,5,5,1400,5.3,,,,,,,,,,,
2017-03-20,GCB,5,3.6,5,5,4.98,-0.02,5,5,1500,5.3,,,,,,,,,,,
2017-03-21,GCB,5.06,3.6,4.98,4.98,5.04,0.06,5.06,5.06,3500,5.3,,,,,,,,,,,
2017-03-22,GCB,5.06,3.6,5.04,5.04,5.05,0.01,5.05,5.05,700,5.3,,,,,,,,,,,
2017-03-23,GCB,5.1,3.6,5.05,5.05,5.09,0.04,4.1,5.1,12000,5.3,,,,,,,,,,,
2017-03-24,GCB,5.14,3.6,5.09,5.09,5.13,0.04,5.16,5.14,12600,5.3,,,,,,,,,,,
2017-03-27,GCB,5.3,3.6,5.13,5.13,5.18,0.05,5.16,5.3,700,5.3,,,,,,,,,,,
2017-03-28,GCB,5.3,3.6,5.18,5.18,5.18,0,5.19,5.3,13800,,,,,,,,,,,,
2017-03-29,GCB,5.3,3.6,5.18,5.18,5.22,0.04,5.19,5.22,12800,5.3,,,,,,,,,,,
2017-03-30,GCB,5.3,3.6,5.22,5.22,5.2,-0.02,5.2,5.2,100,5.22,,,,,,,,,,,
2017-03-31,GCB,5.3,3.6,5.2,5.2,5.2,0,5.2,5.2,3000,5.28,,,,,,,,,,,
2017-04-03,GCB,5.3,3.6,5.2,5.2,5.2,0,,5.2,602800,5.3,,,,,,,,,,,
2017-04-04,GCB,5.3,3.6,5.2,5.2,5.2,0,5.2,5.2,396800,,,,,,,,,,,,
2017-04-05,GCB,5.3,3.6,5.2,5.2,5.2,0,5.2,5.2,500,5.25,,,,,,,,,,,
2017-04-06,GCB,5.3,3.6,5.2,5.2,5.22,0.02,5.21,5.22,2000,5.3,,,,,,,,,,,
2017-04-07,GCB,5.3,3.6,5.22,5.22,5.2,-0.02,,5.2,105400,5.2,,,,,,,,,,,
2017-04-10,GCB,5.3,3.6,5.2,5.2,5.2,0,,5.2,2300,5.2,,,,,,,,,,,
2017-04-11,GCB,5.3,3.6,5.2,5.2,5.2,0,,5.2,7200,5.2,,,,,,,,,,,
2017-04-12,GCB,5.3,3.6,5.2,5.2,5.2,0,,5.2,900,5.3,,,,,,,,,,,
2017-04-13,GCB,5.3,3.6,5.2,5.2,5.2,0,,5.2,1000,5.2,,,,,,,,,,,
2017-04-18,GCB,5.3,3.6,5.2,5.2,5.2,0,,5.2,200,5.2,,,,,,,,,,,
2017-04-19,GCB,5.3,3.6,5.2,5.2,5.2,0,5.2,5.2,5700,5.3,,,,,,,,,,,
2017-04-20,GCB,5.3,3.6,5.2,5.2,5.2,0,5.2,5.2,900,5.3,,,,,,,,,,,
2017-04-21,GCB,5.3,3.6,5.2,5.2,5.2,0,5.2,5.2,8600,5.3,,,,,,,,,,,
2017-04-24,GCB,5.3,3.6,5.2,5.2,5.2,0,5.2,5.2,9000,5.25,,,,,,,,,,,
2017-04-25,GCB,5.3,3.6,5.2,5.2,5.22,0.02,5.21,5.21,2800,5.3,,,,,,,,,,,
2017-04-26,GCB,5.3,3.6,5.22,5.22,5.2,-0.02,,5.2,70900,5.3,,,,,,,,,,,
2017-04-27,GCB,5.3,3.6,5.2,5.2,5.2,0,4.42,5.2,100,5.2,,,,,,,,,,,
2017-04-28,GCB,5.3,3.6,5.2,5.2,5.2,0,5.2,5.2,0,5.25,,,,,,,,,,,
2017-05-02,GCB,5.3,3.6,5.2,5.2,5.2,0,,5.2,400,5.2,,,,,,,,,,,
2017-05-03,GCB,5.3,3.6,5.2,5.2,5.2,0,,5.2,400,5.2,,,,,,,,,,,
2017-05-04,GCB,5.3,3.6,5.2,5.2,5.2,0,5.2,5.2,68900,5.3,,,,,,,,,,,
2017-05-05,GCB,5.3,3.6,5.2,5.2,5.2,0,,5.2,203100,5.2,,,,,,,,,,,
2017-05-08,GCB,5.3,3.6,5.2,5.2,5.2,0,5.2,5.2,2800,5.3,,,,,,,,,,,
2017-05-09,GCB,5.3,3.6,5.2,5.2,5.2,0,5.2,5.2,700,5.3,,,,,,,,,,,
2017-05-10,GCB,5.3,3.6,5.2,5.2,5.2,0,5.2,5.2,7000,5.3,,,,,,,,,,,
2017-05-11,GCB,5.3,3.6,5.2,5.2,5.2,0,5.2,5.2,1700,5.24,,,,,,,,,,,
2017-05-12,GCB,5.3,3.6,5.2,5.2,5.2,0,5.2,5.2,2200,5.24,,,,,,,,,,,
2017-05-15,GCB,5.3,3.6,5.2,5.2,5.2,0,5.2,5.2,100,5.22,,,,,,,,,,,
2017-05-16,GCB,5.3,3.6,5.2,5.2,5.21,0.01,5.21,5.2,615700,5.3,,,,,,,,,,,
2017-05-17,GCB,5.3,3.6,5.21,5.2,5.21,0,5.21,5.2,900,5.3,,,,,,,,,,,
2017-05-18,GCB,5.3,3.6,5.21,5.21,5.21,0,,5.21,200,5.3,,,,,,,,,,,
2017-05-19,GCB,5.3,3.6,5.21,5.21,5.21,0,5.21,5.21,52200,5.3,,,,,,,,,,,
2017-05-22,GCB,5.3,3.6,5.21,5.21,5.21,0,5.21,5.21,4200,5.25,,,,,,,,,,,
2017-05-23,GCB,5.3,3.6,5.21,5.21,5.21,0,5.21,5.21,5000,5.25,,,,,,,,,,,
2017-05-24,GCB,5.3,3.6,5.21,5.21,5.22,0.01,5.22,5.21,2300,5.25,,,,,,,,,,,
2017-05-26,GCB,5.3,3.6,5.22,5.21,5.24,0.02,5.22,5.21,800,5.3,,,,,,,,,,,
2017-05-29,GCB,5.3,3.6,5.24,5.21,5.24,0,,5.21,1200,5.24,,,,,,,,,,,
2017-05-30,GCB,5.3,3.6,5.24,5.21,5.23,-0.01,,5.21,14900,5.23,,,,,,,,,,,
2017-05-31,GCB,5.3,3.6,5.23,5.21,5.23,0,,5.21,3100,5.23,,,,,,,,,,,
2017-06-01,GCB,5.3,3.6,5.23,5.21,5.23,0,,5.21,0,5.2,,,,,,,,,,,
2017-06-02,GCB,5.3,3.6,5.23,5.21,5.23,0,5.1,5.2,300600,5.2,,,,,,,,,,,
2017-06-05,GCB,5.3,3.6,5.23,5.21,5.23,0,,5.2,0,5.23,,,,,,,,,,,
2017-06-06,GCB,5.3,3.6,5.23,5.23,5.23,0,,5.2,1300,5.23,,,,,,,,,,,
2017-06-07,GCB,5.3,3.6,5.23,5.23,5.22,-0.01,,5.22,400,5.22,,,,,,,,,,,
2017-06-08,GCB,5.3,3.6,5.22,5.23,5.22,0,,5.22,6000,5.22,,,,,,,,,,,
2017-06-09,GCB,5.3,3.6,5.22,5.22,5.2,-0.02,,5.2,5000,5.2,,,,,,,,,,,
2017-06-12,GCB,5.3,3.6,5.2,5.2,5.2,0,5.2,5.2,14400,5.23,,,,,,,,,,,
2017-06-13,GCB,5.3,3.6,5.2,5.2,5.2,0,5.17,5.2,38100,5.2,,,,,,,,,,,
2017-06-14,GCB,5.3,3.6,5.2,5.2,5.2,0,,5.2,6100,5.2,,,,,,,,,,,
2017-06-15,GCB,5.3,3.6,5.2,5.2,5.2,0,,5.2,533100,5.2,,,,,,,,,,,
2017-06-16,GCB,5.3,3.6,5.2,5.2,5.2,0,,5.2,0,5.2,,,,,,,,,,,
2017-06-19,GCB,5.3,3.6,5.2,5.2,5.2,0,,5.2,80700,5.2,,,,,,,,,,,
2017-06-20,GCB,5.3,3.6,5.2,5.2,5.2,0,5.2,5.2,1300,5.23,,,,,,,,,,,
2017-06-21,GCB,5.3,3.6,5.2,5.2,5.2,0,5.15,5.2,300,5.23,,,,,,,,,,,
2017-06-22,GCB,5.3,3.6,5.2,5.2,5.2,0,,5.2,19900,5.2,,,,,,,,,,,
2017-06-23,GCB,5.3,3.6,5.2,5.2,5.2,0,,5.2,100,5.2,,,,,,,,,,,
2017-06-27,GCB,5.3,3.6,5.2,5.2,5.2,0,,5.2,73800,5.2,,,,,,,,,,,
2017-06-28,GCB,5.3,3.6,5.2,5.2,5.2,0,5.2,5.2,700,5.23,,,,,,,,,,,
2017-06-29,GCB,5.3,3.6,5.2,5.2,5.2,0,,5.2,16300,5.2,,,,,,,,,,,
2017-06-30,GCB,5.3,3.6,5.2,5.2,5.2,0,5.2,5.2,0,5.23,,,,,,,,,,,
2017-07-04,GCB,5.3,3.6,5.2,5.2,5.2,0,,5.2,3700,5.2,,,,,,,,,,,
2017-07-05,GCB,5.3,3.6,5.2,5.2,5.2,0,,5.2,2400,5.2,,,,,,,,,,,
2017-07-06,GCB,5.3,3.6,5.2,5.2,5.2,0,,5.2,0,5.2,,,,,,,,,,,
2017-07-07,GCB,5.3,3.6,5.2,5.2,5.2,0,5.15,5.2,4900,5.2,,,,,,,,,,,
2017-07-10,GCB,5.3,3.6,5.2,5.2,5.2,0,,5.2,0,5.2,,,,,,,,,,,
2017-07-11,GCB,5.3,3.6,5.2,5.2,5.2,0,5,5.2,11400,5.2,,,,,,,,,,,
2017-07-12,GCB,5.3,3.6,5.2,5.2,5.2,0,5.2,5.2,19200,,,,,,,,,,,,
2017-07-13,GCB,5.3,3.6,5.2,5.2,5.2,0,,5.2,222600,5.2,,,,,,,,,,,
2017-07-14,GCB,5.3,3.6,5.2,5.2,5.2,0,,5.2,15800,5.19,,,,,,,,,,,
2017-07-17,GCB,5.3,3.6,5.2,5.2,5.19,-0.01,,5.19,18800,5.19,,,,,,,,,,,
2017-07-18,GCB,5.3,3.6,5.19,5.19,5.2,0.01,,5.2,12900,5.25,,,,,,,,,,,
2017-07-19,GCB,5.3,3.6,5.2,5.2,5.2,0,,5.2,23800,5.2,,,,,,,,,,,
2017-07-20,GCB,5.3,3.6,5.2,5.2,5.2,0,5,5.2,0,,,,,,,,,,,,
2017-07-21,GCB,5.3,3.6,5.2,5.2,5.2,0,,5.2,5500,5.2,,,,,,,,,,,
2017-07-24,GCB,5.3,3.6,5.2,5.2,5.15,-0.05,,5.15,67400,5.15,,,,,,,,,,,
2017-07-25,GCB,5.3,3.6,5.15,5.15,5.2,0.05,5.15,5.15,601200,5.18,,,,,,,,,,,
2017-07-26,GCB,5.3,3.6,5.2,5.2,5.2,0,5.15,5.15,8000,,,,,,,,,,,,
2017-07-27,GCB,5.3,3.6,5.2,5.2,5.15,-0.05,,5.2,64200,5.15,,,,,,,,,,,
2017-07-28,GCB,5.3,3.6,5.15,5.15,5.15,0,,5.2,50000,5.18,,,,,,,,,,,
2017-07-31,GCB,5.3,3.6,5.15,5.15,5.15,0,,5.2,100,5.15,,,,,,,,,,,
2017-08-01,GCB,5.3,3.6,5.15,5.15,5.15,0,,5.2,0,5.15,,,,,,,,,,,
2017-08-02,GCB,5.3,3.6,5.15,5.15,5.15,0,,5.2,13900,5.15,,,,,,,,,,,
2017-08-03,GCB,5.3,3.6,5.15,5.15,5.15,0,,5.2,12400,5.15,,,,,,,,,,,
2017-08-04,GCB,5.3,3.6,5.15,5.15,5.15,0,,5.2,77000,5.15,,,,,,,,,,,
2017-08-07,GCB,5.3,3.6,5.15,5.15,5.15,0,,5.2,0,5.15,,,,,,,,,,,
2017-08-08,GCB,5.3,3.6,5.15,5.15,5.14,-0.01,,5.14,600,5.14,,,,,,,,,,,
2017-08-09,GCB,5.3,3.6,5.14,5.14,5.15,0.01,,5.15,900,5.15,,,,,,,,,,,
2017-08-10,GCB,5.3,3.6,5.15,5.15,5.14,-0.01,5.14,5.14,6300,5.15,,,,,,,,,,,
2017-08-11,GCB,5.3,3.6,5.14,5.14,5.14,0,,5.14,17700,5.14,,,,,,,,,,,
2017-08-14,GCB,5.3,3.6,5.14,5.14,5.14,0,,5.14,1400,5.14,,,,,,,,,,,
2017-08-15,GCB,5.3,3.6,5.14,5.14,5.14,0,,5.14,200,5.14,,,,,,,,,,,
2017-08-16,GCB,5.3,3.6,5.14,5.14,5.14,0,5.13,5.14,39100,5.14,,,,,,,,,,,
2017-08-17,GCB,5.3,3.6,5.14,5.14,5.14,0,,5.14,1400,5.14,,,,,,,,,,,
2017-08-18,GCB,5.3,3.6,5.14,5.14,5.14,0,5.12,5.14,0,5.13,,,,,,,,,,,
2017-08-21,GCB,5.3,3.6,5.14,5.14,5.13,-0.01,,5.13,3800,5.13,,,,,,,,,,,
2017-08-22,GCB,5.3,3.6,5.13,5.13,5.13,0,,5.13,20300,5.13,,,,,,,,,,,
2017-08-23,GCB,5.3,3.6,5.13,5.13,5.11,-0.02,,5.1,33400,5.1,,,,,,,,,,,
2017-08-24,GCB,5.3,3.6,5.11,5.11,5.11,0,,5.1,1500,5.12,,,,,,,,,,,
2017-08-25,GCB,5.3,3.6,5.11,5.11,5.1,-0.01,,5.1,4900,5.11,,,,,,,,,,,
2017-08-28,GCB,5.3,3.6,5.1,5.1,5.1,0,,5.1,100,5.1,,,,,,,,,,,
2017-08-29,GCB,5.3,3.6,5.1,5.1,5.1,0,,5.1,0,5.1,,,,,,,,,,,
2017-08-30,GCB,5.3,3.6,5.1,5.1,5.1,0,,5.1,0,5.1,,,,,,,,,,,
2017-08-31,GCB,5.3,3.6,5.1,5.1,5.1,0,5,5.1,0,5.1,,,,,,,,,,,
2017-09-04,GCB,5.3,3.6,5.1,5.1,5.1,0,,5.1,0,5.1,,,,,,,,,,,
2017-09-05,GCB,5.3,3.6,5.1,5.1,5.07,-0.03,4.9,5.07,10700,5.05,,,,,,,,,,,
2017-09-06,GCB,5.3,3.6,5.07,5.07,5.07,0,4.8,5.07,0,5.04,,,,,,,,,,,
2017-09-07,GCB,5.3,3.6,5.07,5.07,5,-0.07,4.8,5,9200,5,,,,,,,,,,,
2017-09-08,GCB,5.3,3.6,5,5,4.5,-0.5,,4.5,50600,4.5,,,,,,,,,,,
2017-09-11,GCB,5.3,3.6,4.5,4.5,4.5,0,,4.5,900,4.5,,,,,,,,,,,
2017-09-12,GCB,5.3,3.6,4.5,4.5,4.48,-0.02,,4.5,32300,4.5,,,,,,,,,,,
2017-09-13,GCB,5.3,3.6,4.48,4.48,4.44,-0.04,,4.5,228900,4.5,,,,,,,,,,,
2017-09-14,GCB,5.3,3.6,4.44,4.44,4.44,0,4,4.5,14100,5,,,,,,,,,,,
2017-09-15,GCB,5.3,3.6,4.44,4.44,4.44,0,4.4,4.5,0,4.44,,,,,,,,,,,
2017-09-18,GCB,5.3,3.6,4.44,4.44,4.4,-0.04,4.4,4.4,300,4.44,,,,,,,,,,,
2017-09-19,GCB,5.3,3.6,4.4,4.4,4.4,0,3.8,4.4,200,4.44,,,,,,,,,,,
2017-09-20,GCB,5.3,3.6,4.4,4.4,4.3,-0.1,4.15,4.3,5200,4.3,,,,,,,,,,,
2017-09-22,GCB,5.3,3.6,4.3,4.3,4.13,-0.17,4,4,53700,4.29,,,,,,,,,,,
2017-09-25,GCB,5.3,3.6,4.13,4.13,4.13,0,4.05,4,49900,4.13,,,,,,,,,,,
2017-09-26,GCB,5.3,3.6,4.13,4.13,4.13,0,4.13,4,37700,,,,,,,,,,,,
2017-09-27,GCB,5.3,3.6,4.13,4.13,4.13,0,4.13,4,1700,,,,,,,,,,,,
2017-09-28,GCB,5.3,3.6,4.13,4.13,4.13,0,4,4,8400,,,,,,,,,,,,
2017-09-29,GCB,5.3,3.6,4.13,4.13,4,-0.13,4,4,634400,,,,,,,,,,,,
2017-10-02,GCB,5.3,3.6,4,4,4,0,4,4,0,,,,,,,,,,,,
2017-10-03,GCB,5.3,3.6,4,4,4.01,0.01,,4.01,12800,4.01,,,,,,,,,,,
2017-10-04,GCB,5.3,3.6,4.01,4,4,-0.01,,4.01,1500,4,,,,,,,,,,,
2017-10-05,GCB,5.3,3.6,4,4,4,0,3.5,4.01,1600,4,,,,,,,,,,,
2017-10-06,GCB,5.3,3.6,4,4,4,0,3.5,4.01,6400,4,,,,,,,,,,,
2017-10-09,GCB,5.3,3.6,4,4,4,0,4,4.01,900,4.01,,,,,,,,,,,
2017-10-10,GCB,5.3,3.6,4,4,4.01,0.01,3.5,4.01,31200,,,,,,,,,,,,
2017-10-11,GCB,5.3,3.6,4.01,4.01,4,-0.01,3.5,4,112100,4,,,,,,,,,,,
2017-10-12,GCB,5.3,3.6,4,4,4,0,3.5,4,196100,4,,,,,,,,,,,
2017-10-13,GCB,5.3,3.6,4,4,4,0,4,4,21500,,,,,,,,,,,,
2017-10-16,GCB,5.3,3.6,4,4,4,0,3.5,4,30500,4,,,,,,,,,,,
2017-10-17,GCB,5.3,3.6,4,4,4,0,3.7,4,500,4,,,,,,,,,,,
2017-10-18,GCB,5.3,3.6,4,4,4,0,4,4,2900,,,,,,,,,,,,
2017-10-19,GCB,5.3,3.6,4,4,4,0,4,4,0,,,,,,,,,,,,
2017-10-20,GCB,5.3,3.6,4,4,3.88,-0.12,4,4,522100,,,,,,,,,,,,
2017-10-23,GCB,5.3,3.6,3.88,3.88,3.88,0,,4,0,,,,,,,,,,,,
2017-10-24,GCB,5.3,3.6,3.88,3.88,4,0.12,4,4,2300,4.05,,,,,,,,,,,
2017-10-25,GCB,5.3,3.6,4,4,4.02,0.02,4.02,4.02,2000,4.05,,,,,,,,,,,
2017-10-26,GCB,5.3,3.6,4.02,4.02,4.2,0.18,4.2,4.2,2500,,,,,,,,,,,,
2017-10-27,GCB,5.3,3.6,4.2,4.2,4.2,0,4.05,4.2,2500,4.2,,,,,,,,,,,
2017-10-30,GCB,5.3,3.6,4.2,4.2,4.21,0.01,,4.2,2200,4.21,,,,,,,,,,,
2017-10-31,GCB,5.3,3.6,4.21,4.21,4.21,0,4.21,4.2,200,4.25,,,,,,,,,,,
2017-11-01,GCB,5.3,3.6,4.21,4.21,4.21,0,4.21,4.2,2100,4.3,,,,,,,,,,,
2017-11-02,GCB,5.3,3.6,4.21,4.21,4.21,0,4.21,4.2,900,4.3,,,,,,,,,,,
2017-11-03,GCB,5.3,3.6,4.21,4.21,4.21,0,,4.2,300,4.25,,,,,,,,,,,
2017-11-06,GCB,5.3,3.6,4.21,4.21,4.21,0,4.21,4.2,500,4.23,,,,,,,,,,,
2017-11-07,GCB,5.3,3.6,4.21,4.21,4.23,0.02,4.23,4.23,1200,,,,,,,,,,,,
2017-11-08,GCB,5.3,3.6,4.23,4.23,4.23,0,4.21,4.23,1600,,,,,,,,,,,,
2017-11-09,GCB,5.3,3.6,4.23,4.23,4.23,0,4.23,4.23,361500,,,,,,,,,,,,
2017-11-10,GCB,5.3,3.6,4.23,4.23,4.23,0,4.23,4.23,6000,,,,,,,,,,,,
2017-11-13,GCB,5.3,3.6,4.23,4.23,4.24,0.01,4.26,4.25,9000,,,,,,,,,,,,
2017-11-14,GCB,5.3,3.6,4.24,4.24,4.26,0.02,4.26,4.26,2300,,,,,,,,,,,,
2017-11-15,GCB,5.3,3.6,4.26,4.26,4.27,0.01,4.26,4.26,600,4.88,,,,,,,,,,,
2017-11-16,GCB,5.3,3.6,4.27,4.27,4.27,0,4.27,4.26,2300,,,,,,,,,,,,
2017-11-17,GCB,5.3,3.6,4.27,4.27,4.27,0,,4.26,50900,4.27,,,,,,,,,,,
2017-11-20,GCB,5.3,3.6,4.27,4.27,4.29,0.02,4.29,4.29,46700,,,,,,,,,,,,
2017-11-21,GCB,5.3,3.6,4.29,4.29,4.29,0,4.29,4.29,2000,4.5,,,,,,,,,,,
2017-11-22,GCB,5.3,3.6,4.29,4.29,4.3,0.01,4.29,4.3,900,4.3,,,,,,,,,,,
2017-11-23,GCB,5.3,3.6,4.3,4.3,4.3,0,4.3,4.3,1800,,,,,,,,,,,,
2017-11-24,GCB,5.3,3.6,4.3,4.3,4.31,0.01,4.31,4.31,600,,,,,,,,,,,,
2017-11-27,GCB,5.3,3.6,4.31,4.31,4.31,0,4.32,4.31,600,,,,,,,,,,,,
2017-11-28,GCB,5.3,3.6,4.31,4.31,4.32,0.01,4.31,4.31,1600,,,,,,,,,,,,
2017-11-29,GCB,5.3,3.6,4.32,4.32,4.32,0,4.32,4.31,1000,4.97,,,,,,,,,,,
2017-11-30,GCB,5.3,3.6,4.32,4.32,4.5,0.18,4.5,4.5,200400,,,,,,,,,,,,
2017-12-04,GCB,5.3,3.6,4.5,4.5,4.5,0,4.33,4.5,800,4.9,,,,,,,,,,,
2017-12-05,GCB,5.3,3.6,4.5,4.5,4.51,0.01,4.51,4.51,100,5,,,,,,,,,,,
2017-12-06,GCB,5.3,3.6,4.51,4.51,4.53,0.02,4.53,4.53,2200,5,,,,,,,,,,,
2017-12-07,GCB,5.3,3.6,4.53,4.53,4.53,0,4.53,4.53,0,5,,,,,,,,,,,
2017-12-08,GCB,5.3,3.6,4.53,4.53,4.54,0.01,4.54,4.55,1700,4.55,,,,,,,,,,,
2017-12-11,GCB,5.3,3.6,4.54,4.54,4.6,0.06,4.54,4.6,128200,4.55,,,,,,,,,,,
2017-12-12,GCB,5.3,3.6,4.6,4.6,4.8,0.2,4.8,4.8,48500,5,,,,,,,,,,,
2017-12-13,GCB,5.3,3.6,4.8,4.8,4.8,0,4.8,4.8,200,5,,,,,,,,,,,
2017-12-14,GCB,5.3,3.6,4.8,4.8,4.82,0.02,4.85,4.85,12200,5,,,,,,,,,,,
2017-12-15,GCB,5.3,3.6,4.82,4.82,4.83,0.01,4.83,4.83,200,5,,,,,,,,,,,
2017-12-18,GCB,5.3,3.6,4.83,4.83,4.83,0,4.83,4.83,200,5,,,,,,,,,,,
2017-12-19,GCB,5.3,3.6,4.83,4.83,4.99,0.16,4.83,5,79600,5,,,,,,,,,,,
2017-12-20,GCB,5.3,3.6,4.99,4.99,5,0.01,5.01,5.01,105000,,,,,,,,,,,,
2017-12-21,GCB,5.3,3.6,5,5,5,0,5,5.01,1100,,,,,,,,,,,,
2017-12-21,GCB,5.3,3.6,5,5,5,0,5,5.01,1200,,,,,,,,,,,,
2017-12-27,GCB,5.3,3.6,5,5,5,0,5,5.01,1600,,,,,,,,,,,,
2017-12-28,GCB,5.3,3.6,5,5,5.02,0.02,5.02,5.02,100,,,,,,,,,,,,
2017-12-29,GCB,5.3,3.6,5.02,5,5.05,0.03,5.05,5.02,700,,,,,,,,,,,,
2018-01-02,GCB,5.05,5.05,5.05,5.05,5.05,0,,5.02,300,,,,,,,,,,,,
2018-01-03,GCB,5.06,5.05,5.05,5.05,5.06,0.01,5.1,5.06,1000,,,,,,,,,,,,
2018-01-04,GCB,5.15,5.05,5.06,5.06,5.11,0.05,5.15,5.15,2400,5.82,,,,,,,,,,,
2018-01-05,GCB,5.82,5.05,5.11,5.06,5.82,0.71,5.16,5.82,482300,5.85,,,,,,,,,,,
2018-01-08,GCB,6,5.05,5.82,5.82,5.98,0.16,6,6,900,,,,,,,,,,,,
2018-01-09,GCB,6.02,5.05,5.98,5.98,6.01,0.03,6.03,6.02,3400,,,,,,,,,,,,
2018-01-10,GCB,6.19,5.05,6.01,6.01,6.19,0.18,6.23,6.21,98400,,,,,,,,,,,,
2018-01-11,GCB,6.27,5.05,6.19,6.19,6.27,0.08,6.35,6.35,11800,7.1,,,,,,,,,,,
2018-01-12,GCB,6.56,5.05,6.27,6.27,6.52,0.25,6.55,6.56,21800,,,,,,,,,,,,
2018-01-15,GCB,6.58,5.05,6.52,6.52,6.57,0.05,6.59,6.58,600,,,,,,,,,,,,
2018-01-16,GCB,6.8,5.05,6.57,6.57,6.79,0.22,6.78,6.8,58000,,,,,,,,,,,,
2018-01-17,GCB,7,5.05,6.79,6.79,6.97,0.18,7,7,72400,,,,,,,,,,,,
2018-01-18,GCB,7.01,5.05,6.97,6.79,7.01,0.04,7.02,7.01,1000,,,,,,,,,,,,
2018-01-19,GCB,7.01,5.05,7.01,6.79,7.1,0.09,7.11,7.11,27800,,,,,,,,,,,,
2018-01-22,GCB,7.12,5.05,7.1,6.79,7.12,0.02,7.13,7.13,7100,7.5,,,,,,,,,,,
2018-01-23,GCB,7.25,5.05,7.12,7.12,7.25,0.13,7.12,7.25,186900,,,,,,,,,,,,
2018-01-24,GCB,7.5,5.05,7.25,7.25,7.5,0.25,7.27,7.5,302400,,,,,,,,,,,,
2018-01-25,GCB,7.5,5.05,7.5,7.5,7.5,0,,7.5,9300,7.5,,,,,,,,,,,
2018-01-26,GCB,7.5,5.05,7.5,7.5,7.5,0,,7.5,74800,7.5,,,,,,,,,,,
2018-01-29,GCB,7.5,5.05,7.5,7.5,7.5,0,,7.5,28700,7.5,,,,,,,,,,,
2018-01-30,GCB,7.5,5.05,7.5,7.5,7.4,-0.1,7.4,7.4,1400,7.5,,,,,,,,,,,
2018-01-31,GCB,7.5,5.05,7.4,7.4,7.42,0.02,,7.4,43700,7.4,,,,,,,,,,,
2018-02-01,GCB,7.5,5.05,7.42,7.42,7.41,-0.01,,7.41,9300,7.42,,,,,,,,,,,
2018-02-02,GCB,7.5,5.05,7.41,7.41,7.4,-0.01,,7.4,30100,7.4,,,,,,,,,,,
2018-02-05,GCB,7.5,5.05,7.4,7.4,7.4,0,,7.4,12400,7.35,,,,,,,,,,,
2018-02-06,GCB,7.5,5.05,7.4,7.4,7.34,-0.06,,7.34,1400,7.35,,,,,,,,,,,
2018-02-07,GCB,7.5,5.05,7.34,7.34,7.19,-0.15,,7.09,6600,7.1,,,,,,,,,,,
2018-02-08,GCB,7.5,5.05,7.19,7.19,7.15,-0.04,,7.14,900,7.15,,,,,,,,,,,
2018-02-09,GCB,7.5,5.05,7.15,7.15,7.1,-0.05,,7.09,800,7.08,,,,,,,,,,,
2018-02-12,GCB,7.5,5.05,7.1,7.1,7.1,0,7,7.09,100,7.1,,,,,,,,,,,
2018-02-13,GCB,7.5,5.05,7.1,7.1,7.1,0,7,7.09,200,7.03,,,,,,,,,,,
2018-02-14,GCB,7.5,5.05,7.1,7.1,7.1,0,,7.09,0,7.1,,,,,,,,,,,
2018-02-15,GCB,7.5,5.05,7.1,7.1,7.1,0,,7.09,400,7.05,,,,,,,,,,,
2018-02-16,GCB,7.5,5.05,7.1,7.1,7.09,-0.01,,7,76400,7.08,,,,,,,,,,,
2018-02-19,GCB,7.5,5.05,7.09,7.09,7.03,-0.06,,7.03,1100,7.03,,,,,,,,,,,
2018-02-20,GCB,7.5,5.05,7.03,7.03,7.03,0,6.05,7.03,200,7,,,,,,,,,,,
2018-02-21,GCB,7.5,5.05,7.03,7.03,6.96,-0.07,6.05,6.95,1200,7,,,,,,,,,,,
2018-02-22,GCB,7.5,5.05,6.96,6.96,6.89,-0.07,6.75,6.79,3000,6.8,,,,,,,,,,,
2018-02-23,GCB,7.5,5.05,6.89,6.89,6.8,-0.09,6.1,6.8,300,6.79,,,,,,,,,,,
2018-02-26,GCB,7.5,5.05,6.8,6.8,6.8,0,6.05,6.8,100,6.8,,,,,,,,,,,
2018-02-27,GCB,7.5,5.05,6.8,6.8,6.8,0,6.05,6.8,0,6.75,,,,,,,,,,,
2018-02-28,GCB,7.5,5.05,6.8,6.8,6.74,-0.06,6.05,6.74,300,6.7,,,,,,,,,,,
2018-03-01,GCB,7.5,5.05,6.74,6.74,6.7,-0.04,,6.7,300,6.7,,,,,,,,,,,
2018-03-02,GCB,7.5,5.05,6.7,6.7,6.05,-0.65,6,6.05,4000,6.05,,,,,,,,,,,
2018-03-05,GCB,7.5,5.05,6.05,6.05,5.9,-0.15,5.5,5.9,100,5.9,,,,,,,,,,,
2018-03-07,GCB,7.5,5.05,5.9,5.9,5.5,-0.4,,5.5,1200,5.5,,,,,,,,,,,
2018-03-08,GCB,7.5,5,5.5,5.5,5,-0.5,,5,1000,5,,,,,,,,,,,
2018-03-09,GCB,7.5,4.75,5,5,4.75,-0.25,4.25,4.95,5700,4.95,,,,,,,,,,,
2018-03-12,GCB,7.5,4.72,4.75,4.75,4.72,-0.03,4.7,4.75,2000,4.75,,,,,,,,,,,
2018-03-13,GCB,7.5,4.7,4.72,4.72,4.71,-0.01,4.7,4.7,3400,,,,,,,,,,,,
2018-03-14,GCB,7.5,4.7,4.71,4.71,4.99,0.28,5,5.05,50600,,,,,,,,,,,,
2018-03-15,GCB,7.5,4.7,4.99,4.99,5.22,0.23,5.25,5.25,4800,5.5,,,,,,,,,,,
2018-03-16,GCB,7.5,4.7,5.22,5.22,5.25,0.03,5.25,5.25,2600,,,,,,,,,,,,
2018-03-19,GCB,7.5,4.7,5.25,5.25,5.29,0.04,5.3,5.31,700,5.5,,,,,,,,,,,
2018-03-20,GCB,7.5,4.7,5.29,5.29,5.8,0.51,5.85,5.86,6300,,,,,,,,,,,,
2018-03-21,GCB,7.5,4.7,5.82,5.82,5.86,0.04,5.84,5.88,800,6.65,,,,,,,,,,,
2018-03-22,GCB,7.5,4.7,5.86,5.86,5.97,0.11,6,6.01,900,6.5,,,,,,,,,,,
2018-03-23,GCB,7.5,4.7,5.97,5.97,6.01,0.04,6.01,6.01,3500,6.5,,,,,,,,,,,
2018-03-26,GCB,7.5,4.7,6.01,6.01,6.02,0.01,6.01,6.01,331100,,,,,,,,,,,,
2018-03-27,GCB,7.5,4.7,6.02,6.02,6.05,0.03,6.05,6.05,5500,6.9,,,,,,,,,,,
2018-03-28,GCB,7.5,4.7,6.05,6.05,6.05,0,6.05,6.05,500,6.9,,,,,,,,,,,
2018-03-29,GCB,7.5,4.7,6.05,6.05,6.07,0.02,,6.09,3100,,,,,,,,,,,,
2018-04-03,GCB,7.5,4.7,6.07,6.07,6.07,0,6.07,6.09,5400,6.9,,,,,,,,,,,
2018-04-04,GCB,7.5,4.7,6.07,6.07,6.1,0.03,,6.1,3400,6.1,,,,,,,,,,,
2018-04-05,GCB,7.5,4.7,6.1,6.1,6.1,0,6.1,6.1,900,6.9,,,,,,,,,,,
2018-04-06,GCB,7.5,4.7,6.1,6.1,6.1,0,6.1,6.1,1900,6.2,,,,,,,,,,,
2018-04-09,GCB,7.5,4.7,6.1,6.1,6.11,0.01,6.1,6.1,34400,6.9,,,,,,,,,,,
2018-04-10,GCB,7.5,4.7,6.11,6.11,6.11,0,6.12,6.1,700,6.5,,,,,,,,,,,
2018-04-11,GCB,7.5,4.7,6.11,6.11,6.16,0.05,6.16,6.16,600,6.5,,,,,,,,,,,
2018-04-12,GCB,7.5,4.7,6.16,6.16,6.16,0,6.17,6.16,3500,6.9,,,,,,,,,,,
2018-04-13,GCB,7.5,4.7,6.16,6.16,6.49,0.33,6.5,6.5,259400,6.55,,,,,,,,,,,
2018-04-16,GCB,7.5,4.7,6.49,6.49,6.49,0,6.2,6.5,0,6.49,,,,,,,,,,,
2018-04-17,GCB,7.5,4.7,6.49,6.49,6.51,0.02,,6.52,600,6.55,,,,,,,,,,,
2018-04-18,GCB,7.5,4.7,6.51,6.51,6.51,0,6.2,6.52,0,6.5,,,,,,,,,,,
2018-04-19,GCB,7.5,4.7,6.51,6.51,6.3,-0.21,6.17,6.17,800,6.5,,,,,,,,,,,
2018-04-20,GCB,7.5,4.7,6.3,6.3,6.29,-0.01,6,6.29,2300,6.29,,,,,,,,,,,
2018-04-23,GCB,7.5,4.7,6.29,6.29,6.29,0,6.29,6.29,7800,6.4,,,,,,,,,,,
2018-04-24,GCB,7.5,4.7,6.29,6.29,6.29,0,6.3,6.29,15100,,,,,,,,,,,,
2018-04-25,GCB,7.5,4.7,6.29,6.29,6.29,0,6.3,6.29,1200,,,,,,,,,,,,
2018-04-26,GCB,7.5,4.7,6.29,6.29,6.3,0.01,6.29,6.3,600,6.32,,,,,,,,,,,
2018-04-27,GCB,7.5,4.7,6.3,6.3,6.31,0.01,6.3,6.31,100,6.31,,,,,,,,,,,
2018-04-30,GCB,7.5,4.7,6.31,6.3,6.31,0,6.31,6.31,3000,6.35,,,,,,,,,,,
2018-05-02,GCB,7.5,4.7,6.31,6.31,6.32,0.01,6.33,6.32,3500,6.35,,,,,,,,,,,
2018-05-03,GCB,7.5,4.7,6.32,6.32,6.34,0.02,6.33,6.33,300,,,,,,,,,,,,
2018-05-04,GCB,7.5,4.7,6.34,6.34,6.35,0.01,6.34,6.35,400,6.4,,,,,,,,,,,
2018-05-07,GCB,7.5,4.7,6.35,6.35,6.35,0,6.35,6.35,164500,6.4,,,,,,,,,,,
2018-05-08,GCB,7.5,4.7,6.35,6.35,6.37,0.02,6.35,6.39,3500,6.45,,,,,,,,,,,
2018-05-09,GCB,7.5,4.7,6.37,6.37,6.37,0,6.37,6.39,0,6.45,,,,,,,,,,,
2018-05-10,GCB,7.5,4.7,6.37,6.37,6.38,0.01,6.39,6.43,2900,6.43,,,,,,,,,,,
2018-05-11,GCB,7.5,4.7,6.38,6.38,6.39,0.01,6.4,6.4,5500,6.42,,,,,,,,,,,
2018-05-14,GCB,7.5,4.7,6.39,6.39,6.42,0.03,6.42,6.45,72800,,,,,,,,,,,,
2018-05-15,GCB,7.5,4.7,6.42,6.42,6.49,0.07,,6.5,154600,6.55,,,,,,,,,,,
2018-05-16,GCB,7.5,4.7,6.49,6.49,6.5,0.01,6.5,6.5,2800,,,,,,,,,,,,
2018-05-17,GCB,7.5,4.7,6.5,6.5,6.5,0,,6.5,67800,6.5,,,,,,,,,,,
2018-05-18,GCB,7.5,4.7,6.5,6.5,6.5,0,,6.5,20700,6.5,,,,,,,,,,,
2018-05-21,GCB,7.5,4.7,6.5,6.5,6.5,0,,6.5,500,6.5,,,,,,,,,,,
2018-05-22,GCB,7.5,4.7,6.5,6.5,6.49,-0.01,,6.48,400,6.48,,,,,,,,,,,
2018-05-23,GCB,7.5,4.7,6.49,6.49,6.45,-0.04,6,6.44,600,6.4,,,,,,,,,,,
2018-05-24,GCB,7.5,4.7,6.45,6.45,6.4,-0.05,6.2,6.4,200,6.35,,,,,,,,,,,
2018-05-28,GCB,7.5,4.7,6.4,6.45,6.4,0,6.1,6.4,0,6.35,,,,,,,,,,,
2018-05-29,GCB,7.5,4.7,6.4,6.4,6.38,-0.02,,6.38,50000,6.35,,,,,,,,,,,
2018-05-30,GCB,7.5,4.7,6.38,6.38,6.38,0,,6.38,0,6.34,,,,,,,,,,,
2018-05-31,GCB,7.5,4.7,6.38,6.38,6.38,0,,6.38,0,6.33,,,,,,,,,,,
2018-06-01,GCB,7.5,4.7,6.38,6.38,6.3,-0.08,,6.3,800,6.29,,,,,,,,,,,
2018-06-04,GCB,7.5,4.7,6.3,6.3,6.3,0,,6.3,1200,6.19,,,,,,,,,,,
2018-06-05,GCB,7.5,4.7,6.3,6.3,6.3,0,,6.3,0,6.29,,,,,,,,,,,
2018-06-06,GCB,7.5,4.7,6.3,6.3,6.2,-0.1,6,6.3,4600,6.19,,,,,,,,,,,
2018-06-07,GCB,7.5,4.7,6.2,6.2,5.99,-0.21,5.5,5.99,102100,6,,,,,,,,,,,
2018-06-08,GCB,7.5,4.7,5.99,5.99,5.94,-0.05,,5.95,215100,5.95,,,,,,,,,,,
2018-06-11,GCB,7.5,4.7,5.94,5.94,5.31,-0.63,5.2,5.2,4900,5.94,,,,,,,,,,,
2018-06-12,GCB,7.5,4.7,5.31,5.31,5.19,-0.12,5.25,5.2,10800,,,,,,,,,,,,
2018-06-13,GCB,7.5,4.7,5.19,5.19,5.19,0,4,5.2,0,5.17,,,,,,,,,,,
2018-06-14,GCB,7.5,4.7,5.19,5.19,5.17,-0.02,5,5.17,6000,5.17,,,,,,,,,,,
2018-06-18,GCB,7.5,4.7,5.17,5.17,5.17,0,,5.17,23300,,,,,,,,,,,,
2018-06-19,GCB,7.5,4.7,5.17,5.17,5.17,0,,5.17,100,5.17,,,,,,,,,,,
2018-06-20,GCB,7.5,4.7,5.17,5.17,5.17,0,,5.17,100,5.17,,,,,,,,,,,
2018-06-21,GCB,7.5,4.7,5.15,5.15,5.15,0,4.4,5.15,15000,5.15,,,,,,,,,,,
2018-06-22,GCB,7.5,4.7,5.15,5.15,5.15,0,,5.15,300,,,,,,,,,,,,
2018-06-25,GCB,7.5,4.7,5.15,5.15,5.15,0,5.15,5.15,6100,5.2,,,,,,,,,,,
2018-06-26,GCB,7.5,4.7,5.15,5.15,5.15,0,5.16,5.15,0,5.2,,,,,,,,,,,
2018-06-27,GCB,7.5,4.7,5.15,5.15,5.18,0.03,5.18,5.18,11500,5.2,,,,,,,,,,,
2018-06-28,GCB,7.5,4.7,5.18,5.18,5.15,-0.03,5.15,5.15,175400,5.2,,,,,,,,,,,
2018-06-29,GCB,7.5,4.7,5.15,5.15,5.15,0,5.15,5.15,0,5.2,,,,,,,,,,,
2018-07-03,GCB,7.5,4.7,5.15,5.15,5.2,0.05,5.15,5.2,100,5.2,,,,,,,,,,,
2018-07-04,GCB,7.5,4.7,5.2,5.2,5.15,-0.05,,5.15,200,5.15,,,,,,,,,,,
2018-07-05,GCB,7.5,4.7,5.15,5.15,5.03,-0.12,5,5,600,5.15,,,,,,,,,,,
2018-07-06,GCB,7.5,4.7,5.03,5.03,5.03,0,5,5,0,5.2,,,,,,,,,,,
2018-07-09,GCB,7.5,4.7,5.03,5.03,5.03,0,4.85,5,2200,5,,,,,,,,,,,
2018-07-10,GCB,7.5,4.7,5,5.03,5.03,0.03,5,5,3900,,,,,,,,,,,,
2018-07-11,GCB,7.5,4.7,5.03,5.03,5.03,0,5.03,5.03,400,,,,,,,,,,,,
2018-07-12,GCB,7.5,4.7,5.03,5.03,5,-0.03,5,5,4900,5.03,,,,,,,,,,,
2018-07-13,GCB,7.5,4.7,5,5,5,0,5,5,3900,5.03,,,,,,,,,,,
2018-07-16,GCB,7.5,4.7,5,5,5,0,,5,700,,,,,,,,,,,,
2018-07-17,GCB,7.5,4.7,5,5,5.01,0.01,5,5.01,3100,5.01,,,,,,,,,,,
2018-07-18,GCB,7.5,4.7,5.01,5.01,5.01,0,5,5.01,2800,,,,,,,,,,,,
2018-07-19,GCB,7.5,4.7,5.01,5.01,5.01,0,5.01,5.01,3500,,,,,,,,,,,,
2018-07-20,GCB,7.5,4.7,5.01,5.01,5.01,0,5.01,5.01,200,,,,,,,,,,,,
2018-07-23,GCB,7.5,4.7,5.01,5.01,5.01,0,5.01,5.01,0,,,,,,,,,,,,
2018-07-24,GCB,7.5,4.7,5.01,5.01,5.03,0.02,5.03,5.03,8300,,,,,,,,,,,,
2018-07-25,GCB,7.5,4.7,5.03,5.03,5.03,0,5.04,5.03,900,,,,,,,,,,,,
2018-07-26,GCB,7.5,4.7,5.03,5.03,5.05,0.02,5.05,5.05,1300,,,,,,,,,,,,
2018-07-27,GCB,7.5,4.7,5.05,5.05,5.06,0.01,5.07,5.07,65200,,,,,,,,,,,,
2018-07-30,GCB,7.5,4.7,5.06,5.06,5.06,0,5.06,5.07,300,,,,,,,,,,,,
2018-07-31,GCB,7.5,4.7,5.06,5.06,5.08,0.02,5.08,5.08,600,,,,,,,,,,,,
2018-08-01,GCB,7.5,4.7,5.08,5.08,5.1,0.02,5.1,5.1,22000,,,,,,,,,,,,
2018-08-02,GCB,7.5,4.7,5.1,5.1,5.1,0,,5.1,41100,,,,,,,,,,,,
2018-08-03,GCB,7.5,4.7,5.1,5.1,5.09,-0.01,5.1,5.1,1500,,,,,,,,,,,,
2018-08-06,GCB,7.5,4.7,5.09,5.09,5.09,0,5.09,5.1,0,,,,,,,,,,,,
2018-08-07,GCB,7.5,4.7,5.09,5.09,5.1,0.01,5.1,5.1,30500,,,,,,,,,,,,
2018-08-08,GCB,7.5,4.7,5.1,5.1,5.16,0.06,5.15,5.16,800,,,,,,,,,,,,
2018-08-09,GCB,7.5,4.7,5.16,5.16,5.17,0.01,5.17,5.17,40200,5.2,,,,,,,,,,,
2018-08-10,GCB,7.5,4.7,5.17,5.17,5.17,0,5.17,5.17,249600,,,,,,,,,,,,
2018-08-13,GCB,7.5,4.7,5.17,5.17,5.17,0,5.1,5.17,10700,5.17,,,,,,,,,,,
2018-08-14,GCB,7.5,4.7,5.17,5.17,5.18,0.01,5.17,5.18,600,5.2,,,,,,,,,,,
2018-08-15,GCB,7.5,4.7,5.18,5.18,5.18,0,5.18,5.18,200,5.2,,,,,,,,,,,
2018-08-16,GCB,7.5,4.7,5.18,5.18,5.19,0.01,5.19,5.19,700,5.21,,,,,,,,,,,
2018-08-17,GCB,7.5,4.7,5.19,5.19,5.29,0.1,5.3,5.3,3400,,,,,,,,,,,,
2018-08-20,GCB,7.5,4.7,5.29,5.29,5.3,0.01,5.29,5.3,5800,5.3,,,,,,,,,,,
2018-08-22,GCB,7.5,4.7,5.3,5.3,5.3,0,5.3,5.3,1300,5.8,,,,,,,,,,,
2018-08-23,GCB,7.5,4.7,5.3,5.3,5.3,0,5.3,5.3,1500,,,,,,,,,,,,
2018-08-24,GCB,7.5,4.7,5.3,5.3,5.32,0.02,5.35,5.34,12700,,,,,,,,,,,,
2018-08-27,GCB,7.5,4.7,5.32,5.32,5.35,0.03,5.35,5.35,10700,,,,,,,,,,,,
2018-08-28,GCB,7.5,4.7,5.35,5.35,5.35,0,5.35,5.35,0,5.38,,,,,,,,,,,
2018-08-29,GCB,7.5,4.7,5.35,5.35,5.35,0,,5.35,1100,5.35,,,,,,,,,,,
2018-08-30,GCB,7.5,4.7,5.35,5.35,5.35,0,,5.35,0,,,,,,,,,,,,
2018-08-31,GCB,7.5,4.7,5.35,5.35,5.35,0,5.35,5.35,14100,,,,,,,,,,,,
2018-09-03,GCB,7.5,4.7,5.35,5.35,5.35,0,4.7,5.35,600,5.35,,,,,,,,,,,
2018-09-04,GCB,7.5,4.7,5.35,5.35,5.35,0,4.85,5.35,700,5.35,,,,,,,,,,,
2018-09-05,GCB,7.5,4.7,5.35,5.35,5.35,0,4.85,5.35,100,5.35,,,,,,,,,,,
2018-09-06,GCB,7.5,4.7,5.35,5.35,5.35,0,5.1,5.35,200,5.34,,,,,,,,,,,
2018-09-07,GCB,7.5,4.7,5.35,5.35,5.34,-0.01,5.1,5.35,9900,5.35,,,,,,,,,,,
2018-09-10,GCB,7.5,4.7,5.34,5.34,5.34,0,5.1,5.35,100,5.34,,,,,,,,,,,
2018-09-11,GCB,7.5,4.7,5.34,5.34,5.34,0,5.64,5.35,4100,,,,,,,,,,,,
2018-09-12,GCB,7.5,4.7,5.34,5.34,5.34,0,5.34,5.35,15300,,,,,,,,,,,,
2018-09-13,GCB,7.5,4.7,5.34,5.34,5.34,0,4.85,5.35,0,5.34,,,,,,,,,,,
2018-09-14,GCB,7.5,4.7,5.34,5.34,5.34,0,5.34,5.35,3200,5.35,,,,,,,,,,,
2018-09-17,GCB,7.5,4.7,5.34,5.34,5.34,0,4.7,5.35,100,5.34,,,,,,,,,,,
2018-09-18,GCB,7.5,4.7,5.34,5.34,5.34,0,4.7,5.35,1600,5.34,,,,,,,,,,,
2018-09-19,GCB,7.5,4.7,5.34,5.34,5.34,0,4.85,5.35,0,5.34,,,,,,,,,,,
2018-09-20,GCB,7.5,4.7,5.34,5.34,5.31,-0.03,5.31,5.31,74900,,,,,,,,,,,,
2018-09-24,GCB,7.5,4.7,5.31,5.31,5.31,0,4.85,5.31,100,5.31,,,,,,,,,,,
2018-09-25,GCB,7.5,4.7,5.31,5.31,5.31,0,4.85,5.3,700,5.31,,,,,,,,,,,
2018-09-26,GCB,7.5,4.7,5.31,5.31,5.3,-0.01,5.29,5.29,700,5.3,,,,,,,,,,,
2018-09-27,GCB,7.5,4.7,5.3,5.3,5.35,0.05,5.35,5.35,126600,,,,,,,,,,,,
2018-09-28,GCB,7.5,4.7,5.35,5.35,5.35,0,5.3,5.35,0,,,,,,,,,,,,
2018-10-01,GCB,7.5,4.7,5.35,5.35,5.35,0,5.23,5.35,0,5.35,,,,,,,,,,,
2018-10-02,GCB,7.5,4.7,5.35,5.35,5.35,0,4.85,5.35,600,5.35,,,,,,,,,,,
2018-10-03,GCB,7.5,4.7,5.35,5.35,5.35,0,4.85,5.35,100,5.35,,,,,,,,,,,
2018-10-04,GCB,7.5,4.7,5.35,5.35,5.35,0,5.34,5.35,567900,5.35,,,,,,,,,,,
2018-10-05,GCB,7.5,4.7,5.35,5.35,5.34,-0.01,5.34,5.34,1100,,,,,,,,,,,,
2018-10-08,GCB,7.5,4.7,5.34,5.34,5.34,0,,5.34,200,5.34,,,,,,,,,,,
2018-10-09,GCB,7.5,4.7,5.34,5.34,5.35,0.01,,5.35,700,5.35,,,,,,,,,,,
2018-10-10,GCB,7.5,4.7,5.35,5.35,5.35,0,,5.35,3500,,,,,,,,,,,,
2018-10-11,GCB,7.5,4.7,5.35,5.35,5.35,0,,5.35,0,,,,,,,,,,,,
2018-10-12,GCB,7.5,4.7,5.35,5.35,5.35,0,5.23,5.35,0,5.35,,,,,,,,,,,
2018-10-15,GCB,7.5,4.7,5.35,5.35,5.35,0,4.85,5.35,700,5.35,,,,,,,,,,,
2018-10-16,GCB,7.5,4.7,5.35,5.35,5.35,0,4.85,5.35,1700,5.35,,,,,,,,,,,
2018-10-17,GCB,7.5,4.7,5.35,5.35,5.35,0,4.85,5.35,0,5.35,,,,,,,,,,,
2018-10-18,GCB,7.5,4.7,5.35,5.35,5.35,0,4.85,5.35,100000,5.34,,,,,,,,,,,
2018-10-19,GCB,7.5,4.7,5.35,5.35,5.35,0,4.7,5.35,0,5.34,,,,,,,,,,,
2018-10-22,GCB,7.5,4.7,5.35,5.35,5.35,0,4.7,5.35,0,5.34,,,,,,,,,,,
2018-10-23,GCB,7.5,4.7,5.35,5.35,5.33,-0.02,,5.3,7900,5.3,,,,,,,,,,,
2018-10-24,GCB,7.5,4.7,5.33,5.33,5.3,-0.03,,5.3,14000,5.3,,,,,,,,,,,
2018-10-24,GCB,7.5,4.7,5.3,5.3,5.3,0,,5.3,0,5.3,,,,,,,,,,,
2018-10-26,GCB,7.5,4.7,5.3,5.3,5.3,0,,5.3,9200,5.27,,,,,,,,,,,
2018-10-29,GCB,7.5,4.7,5.3,5.3,5.3,0,,5.3,0,5.3,,,,,,,,,,,
2018-10-30,GCB,7.5,4.7,5.3,5.3,5.15,-0.15,,5.15,3700,5.15,,,,,,,,,,,
2018-10-31,GCB,7.5,4.7,5.15,5.15,5.15,0,,5.15,0,5.15,,,,,,,,,,,
2018-11-01,GCB,7.5,4.7,5.15,5.15,5.15,0,,5.15,2000,5.15,,,,,,,,,,,
2018-11-02,GCB,7.5,4.7,5.15,5.15,5.15,0,,5.15,0,5.15,,,,,,,,,,,
2018-11-05,GCB,7.5,4.7,5.15,5.15,5.15,0,5,5.14,700,5.14,,,,,,,,,,,
2018-11-06,GCB,7.5,4.7,5.15,5.15,5.14,-0.01,5,5.13,300,5.13,,,,,,,,,,,
2018-11-07,GCB,7.5,4.7,5.14,5.14,5.14,0,,5.13,0,5.12,,,,,,,,,,,
2018-11-08,GCB,7.5,4.7,5.14,5.14,5.1,-0.04,,5.09,600,5.09,,,,,,,,,,,
2018-11-09,GCB,7.5,4.7,5.1,5.1,5.09,-0.01,,5.09,200,5.09,,,,,,,,,,,
2018-11-12,GCB,7.5,4.7,5.09,5.09,5.09,0,,5.09,300,5.08,,,,,,,,,,,
2018-11-13,GCB,7.5,4.7,5.09,5.09,5.09,0,,5.09,0,5.07,,,,,,,,,,,
2018-11-14,GCB,7.5,4.7,5.09,5.09,5.09,0,5,5.09,0,5.06,,,,,,,,,,,
2018-11-15,GCB,7.5,4.7,5.09,5.09,5.03,-0.06,,4.99,447900,4.99,,,,,,,,,,,
2018-11-16,GCB,7.5,4.7,5.03,5.03,4.91,-0.12,,4.9,11000,4.9,,,,,,,,,,,
2018-11-19,GCB,7.5,4.7,4.91,4.91,4.83,-0.08,,4.75,38800,4.8,,,,,,,,,,,
2018-11-20,GCB,7.5,4.7,4.83,4.83,4.77,-0.06,,4.77,100,4.77,,,,,,,,,,,
2018-11-21,GCB,7.5,4.7,4.77,4.77,4.77,0,4.2,4.77,0,4.9,,,,,,,,,,,
2018-11-22,GCB,7.5,4.7,4.77,4.77,4.8,0.03,4.2,4.75,302000,4.75,,,,,,,,,,,
2018-11-23,GCB,7.5,4.7,4.8,4.8,4.79,-0.01,4.5,4.79,100,4.75,,,,,,,,,,,
2018-11-26,GCB,7.5,4.7,4.79,4.79,4.79,0,,4.79,0,4.8,,,,,,,,,,,
2018-11-27,GCB,7.5,4.7,4.79,4.79,4.79,0,4.5,4.79,0,4.78,,,,,,,,,,,
2018-11-28,GCB,7.5,4.7,4.79,4.79,4.8,0.01,4.7,4.8,271500,4.8,,,,,,,,,,,
2018-11-29,GCB,7.5,4.7,4.8,4.8,4.8,0,4.7,4.8,0,4.8,,,,,,,,,,,
2018-11-30,GCB,7.5,4.7,4.8,4.8,4.8,0,,4.8,100,4.8,,,,,,,,,,,
2018-12-03,GCB,7.5,4.7,4.8,4.8,4.8,0,,4.8,0,4.8,,,,,,,,,,,
2018-12-04,GCB,7.5,4.7,4.8,4.8,4.8,0,4.8,4.8,46700,,,,,,,,,,,,
2018-12-05,GCB,7.5,4.7,4.8,4.8,4.8,0,4.7,4.8,302100,4.8,,,,,,,,,,,
2018-12-06,GCB,7.5,4.7,4.8,4.8,4.8,0,4.7,4.8,4800,4.8,,,,,,,,,,,
2018-12-10,GCB,7.5,4.7,4.8,4.8,4.8,0,4.1,4.8,1000,,,,,,,,,,,,
2018-12-11,GCB,7.5,4.7,4.8,4.8,4.8,0,4.1,4.8,7000,4.8,,,,,,,,,,,
2018-12-12,GCB,7.5,4.7,4.8,4.8,4.8,0,4.1,4.8,6100,4.8,,,,,,,,,,,
2018-12-13,GCB,7.5,4.7,4.8,4.8,4.79,-0.01,4.1,4.79,135400,4.79,,,,,,,,,,,
2018-12-14,GCB,7.5,4.7,4.79,4.79,4.78,-0.01,4.1,4.79,400,4.79,,,,,,,,,,,
2018-12-17,GCB,7.5,4.7,4.78,4.78,4.78,0,4.1,4.78,200,4.78,,,,,,,,,,,
2018-12-18,GCB,7.5,4.7,4.78,4.78,4.78,0,4.1,4.78,800,4.78,,,,,,,,,,,
2018-12-19,GCB,7.5,4.7,4.78,4.78,4.77,-0.01,4.1,4.77,51500,4.77,,,,,,,,,,,
2018-12-20,GCB,7.5,4.7,4.77,4.77,4.77,0,4.1,4.77,3300,4.77,,,,,,,,,,,
2018-12-21,GCB,7.5,4.7,4.77,4.77,4.77,0,4.77,4.77,7200,,,,,,,,,,,,
2018-12-24,GCB,7.5,4.7,4.77,4.77,4.77,0,4.1,4.77,0,4.77,,,,,,,,,,,
2018-12-27,GCB,7.5,4.7,4.77,4.77,4.8,0.03,4.1,4.79,204600,4.79,,,,,,,,,,,
2018-12-28,GCB,7.5,4.35,4.8,4.8,4.35,-0.45,4.1,4.8,1100,4.8,,,,,,,,,,,
2018-12-31,GCB,7.5,4.35,4.35,4.35,4.6,0.25,4.1,4.6,600,4.6,,,,,,,,,,,
